,compounds,number_chiral_centers,weight
0,C00001,0,18.0153
1,C00002,4,507.181
2,C00003,8,664.433
3,C00004,8,665.441
4,C00005,8,745.4209
5,C00006,8,744.4129
6,C00007,0,31.9988
7,C00008,4,427.2011
8,C00009,0,97.9952
9,C00010,5,767.5341
10,C00011,0,44.0095
11,C00012,0,0.0
12,C00013,0,177.9751
13,C00014,0,17.0305
14,C00015,4,404.1612
15,C00016,7,785.5497
16,C00017,2,0.0
17,C00018,0,247.1419
18,C00019,5,398.4374
19,C00020,4,347.2212
20,C00021,5,384.4108
21,C00022,0,88.0621
22,C00024,5,809.5708
23,C00025,1,147.1293
24,C00026,0,146.0981
25,C00027,0,34.0147
26,C00028,-1,0.0
27,C00029,9,566.3018
28,C00030,-1,0.0
29,C00031,4,180.1559
30,C00032,0,616.4873
31,C00033,0,60.052
32,C00035,4,443.2005
33,C00036,0,132.0716
34,C00037,0,75.0666
35,C00039,9,0.0
36,C00040,5,0.0
37,C00041,1,89.0932
38,C00042,0,118.088
39,C00043,9,607.3537
40,C00044,4,523.1804
41,C00045,0,0.0
42,C00046,12,0.0
43,C00047,1,146.1876
44,C00048,0,74.0355
45,C00049,1,133.1027
46,C00051,2,307.3235
47,C00052,8,566.3018
48,C00053,4,507.2643
49,C00054,4,427.2011
50,C00055,4,323.1965
51,C00058,0,46.0254
52,C00059,0,98.0785
53,C00060,0,0.0
54,C00061,3,456.3438
55,C00062,1,174.201
56,C00063,4,483.1563
57,C00064,1,146.1445
58,C00065,1,105.0926
59,C00066,12,0.0
60,C00067,0,30.026
61,C00068,0,425.3144
62,C00069,0,0.0
63,C00071,0,0.0
64,C00073,1,149.2113
65,C00074,0,168.042
66,C00075,4,484.1411
67,C00077,1,132.161
68,C00078,1,204.2252
69,C00079,1,165.1891
70,C00080,0,1.0079
71,C00081,4,508.1658
72,C00082,1,181.1885
73,C00083,5,853.5803
74,C00084,0,44.0526
75,C00085,3,260.1358
76,C00086,0,60.0553
77,C00087,0,32.065
78,C00088,0,47.0134
79,C00089,9,342.2965
80,C00090,0,110.1106
81,C00091,5,867.6069
82,C00092,4,260.1358
83,C00093,1,172.0737
84,C00094,0,82.0791
85,C00095,3,180.1559
86,C00096,9,605.3411
87,C00097,1,121.1582
88,C00099,0,89.0932
89,C00100,5,823.5974
90,C00101,2,445.4292
91,C00103,5,260.1358
92,C00104,4,428.1859
93,C00105,4,324.1813
94,C00106,0,112.0868
95,C00108,0,137.136
96,C00109,0,102.0886
97,C00110,0,0.0
98,C00111,0,170.0578
99,C00112,4,403.1764
100,C00114,0,104.1708
101,C00116,0,92.0938
102,C00117,3,230.1098
103,C00118,1,170.0578
104,C00119,4,390.0696
105,C00120,3,244.3106
106,C00121,3,150.1299
107,C00122,0,116.0722
108,C00123,1,131.1729
109,C00124,4,180.1559
110,C00125,2,0.0
111,C00126,2,0.0
112,C00127,4,612.6311
113,C00129,0,246.0921
114,C00130,4,348.20599999999996
115,C00131,3,491.1816
116,C00132,0,32.0419
117,C00134,0,88.1515
118,C00135,1,155.1546
119,C00136,5,837.6239999999997
120,C00137,6,180.1559
121,C00140,4,221.2078
122,C00141,0,116.1152
123,C00143,1,457.4399
124,C00144,4,363.2206
125,C00145,0,0.0
126,C00146,0,94.1112
127,C00147,0,135.1267
128,C00148,1,115.1305
129,C00149,1,134.0874
130,C00151,1,0.0
131,C00152,1,132.1179
132,C00153,0,122.1246
133,C00154,5,1005.9429
134,C00155,1,135.1848
135,C00156,0,138.1207
136,C00157,0,0.0
137,C00158,0,192.1235
138,C00159,4,180.1559
139,C00160,0,76.0514
140,C00161,0,0.0
141,C00162,0,0.0
142,C00163,0,74.0785
143,C00164,0,102.0886
144,C00165,0,0.0
145,C00166,0,164.158
146,C00167,9,580.2853
147,C00168,0,104.0615
148,C00169,0,141.0199
149,C00170,4,297.3335
150,C00173,0,0.0
151,C00177,0,26.0174
152,C00179,0,130.1915
153,C00180,0,122.1213
154,C00181,3,150.1299
155,C00183,1,117.1463
156,C00184,0,90.0779
157,C00185,9,342.2965
158,C00186,1,90.0779
159,C00187,8,386.6535
160,C00188,2,119.1192
161,C00189,0,61.0831
162,C00190,7,536.2758
163,C00191,4,194.1394
164,C00195,2,0.0
165,C00196,0,154.1201
166,C00197,1,186.0572
167,C00198,4,178.14
168,C00199,2,230.1098
169,C00201,4,0.0
170,C00203,8,607.3537
171,C00204,2,178.14
172,C00206,3,411.2017
173,C00208,9,342.2965
174,C00212,4,267.2413
175,C00213,0,89.0932
176,C00214,3,242.2286
177,C00218,0,31.0571
178,C00219,0,304.4669
179,C00221,5,180.1559
180,C00222,0,88.0621
181,C00224,4,427.2844
182,C00226,0,0.0
183,C00227,0,140.0319
184,C00229,0,0.0
185,C00230,0,154.1201
186,C00231,2,230.1098
187,C00232,0,102.0886
188,C00233,0,130.1418
189,C00234,2,473.4393
190,C00235,0,246.0921
191,C00236,1,266.0371
192,C00237,0,28.0101
193,C00239,3,307.1971
194,C00241,0,0.0
195,C00242,0,151.1261
196,C00243,9,342.2965
197,C00244,0,63.0128
198,C00245,0,125.1469
199,C00247,3,180.1559
200,C00248,0,205.3408
201,C00249,0,256.4241
202,C00250,0,167.162
203,C00251,2,226.1828
204,C00253,0,123.1094
205,C00254,2,226.1828
206,C00255,3,376.3639
207,C00256,1,90.0779
208,C00257,4,196.1553
209,C00258,1,106.0773
210,C00259,3,150.1299
211,C00262,0,136.1115
212,C00263,-1,119.1192
213,C00264,5,0.0
214,C00267,5,180.1559
215,C00268,3,239.2312
216,C00269,5,0.0
217,C00272,3,241.2471
218,C00275,4,260.1358
219,C00279,2,200.0838
220,C00280,5,286.4085
221,C00283,0,34.0809
222,C00286,3,507.181
223,C00288,0,61.0168
224,C00294,4,268.2261
225,C00295,0,156.0963
226,C00296,4,192.1666
227,C00299,4,244.2014
228,C00302,0,147.1293
229,C00307,4,488.324
230,C00310,2,150.1299
231,C00311,0,192.1235
232,C00314,0,169.1778
233,C00315,0,145.2459
234,C00319,2,299.4919
235,C00320,0,113.1361
236,C00322,0,160.1247
237,C00327,1,175.1857
238,C00328,1,208.2139
239,C00329,4,179.1711
240,C00330,3,267.2413
241,C00331,0,203.1941
242,C00332,5,851.6075
243,C00333,4,194.1394
244,C00334,0,103.1198
245,C00337,1,158.1121
246,C00339,0,0.0
247,C00341,0,314.2091
248,C00342,4,0.0
249,C00343,4,0.0
250,C00344,2,0.0
251,C00345,4,276.1352
252,C00346,0,141.063
253,C00349,0,102.0886
254,C00350,0,0.0
255,C00352,4,259.151
256,C00353,0,450.4432
257,C00354,3,340.1157
258,C00355,1,197.1879
259,C00356,6,911.6594
260,C00357,4,301.1877
261,C00360,3,331.2218
262,C00361,3,427.2011
263,C00362,3,347.2212
264,C00363,3,402.1884
265,C00364,3,322.2085
266,C00365,3,308.1819
267,C00366,0,168.1103
268,C00369,10,0.0
269,C00370,0,248.4036
270,C00375,0,0.0
271,C00376,0,284.4357
272,C00378,0,265.3546
273,C00379,3,152.1458
274,C00381,0,0.0
275,C00385,0,152.1109
276,C00386,1,226.2325
277,C00387,4,283.2407
278,C00390,0,0.0
279,C00392,4,182.1718
280,C00398,0,160.2157
281,C00399,0,0.0
282,C00404,0,0.0
283,C00407,2,131.1729
284,C00408,1,129.157
285,C00409,0,48.1075
286,C00410,6,314.4617
287,C00412,5,1033.9961
288,C00415,1,443.4133
289,C00416,0,0.0
290,C00417,0,174.1082
291,C00418,1,148.1571
292,C00419,12,0.0
293,C00420,0,0.0
294,C00422,0,0.0
295,C00423,0,148.1586
296,C00424,1,74.0785
297,C00427,5,352.4651
298,C00430,0,131.1299
299,C00433,0,130.0987
300,C00437,1,174.1977
301,C00438,1,176.1274
302,C00440,2,459.4558
303,C00441,1,117.1033
304,C00445,1,456.43199999999996
305,C00446,5,260.1358
306,C00447,4,370.1417
307,C00448,0,382.3261
308,C00449,2,276.2863
309,C00450,1,127.1412
310,C00454,4,0.0
311,C00455,4,334.2192
312,C00458,3,467.1569
313,C00459,3,482.1683
314,C00460,3,468.1417
315,C00461,5,0.0
316,C00462,0,0.0
317,C00463,0,117.1479
318,C00468,4,270.3661
319,C00469,0,46.0684
320,C00470,14,0.0
321,C00472,0,108.0948
322,C00473,0,286.4516
323,C00475,4,243.2166
324,C00483,0,137.179
325,C00487,0,162.2068
326,C00488,0,45.0406
327,C00489,0,132.1146
328,C00490,0,130.0987
329,C00491,2,240.3005
330,C00492,14,504.4371
331,C00493,3,174.1513
332,C00496,-1,0.0
333,C00499,0,176.1307
334,C00504,1,441.3975
335,C00506,1,169.1564
336,C00507,4,164.1565
337,C00510,5,1031.9802
338,C00511,0,72.0627
339,C00512,5,871.6402
340,C00517,0,240.4247
341,C00519,0,109.1475
342,C00522,1,148.1571
343,C00524,2,0.0
344,C00525,1,204.2252
345,C00526,3,228.202
346,C00527,5,881.6335
347,C00530,0,110.1106
348,C00531,5,879.6176
349,C00533,0,30.0061
350,C00534,0,168.1931
351,C00535,6,288.4244
352,C00542,0,222.2621
353,C00543,0,45.0837
354,C00544,0,168.1467
355,C00546,0,72.0627
356,C00547,1,169.1778
357,C00550,2,0.0
358,C00555,0,87.1204
359,C00559,3,251.2419
360,C00561,1,133.1473
361,C00562,-1,0.0
362,C00568,0,137.136
363,C00570,4,446.2442
364,C00575,4,329.2059
365,C00576,0,102.1549
366,C00577,1,90.0779
367,C00579,0,207.3567
368,C00585,1,0.0
369,C00588,0,184.1507
370,C00590,0,180.2005
371,C00599,7,384.6377
372,C00601,0,120.1485
373,C00603,1,134.0907
374,C00605,5,0.0
375,C00606,1,153.157
376,C00613,1,0.0
377,C00615,1,0.0
378,C00617,8,580.2853
379,C00620,4,230.1098
380,C00621,0,0.0
381,C00623,1,172.0737
382,C00624,1,189.1659
383,C00627,0,249.1577
384,C00628,0,154.1201
385,C00630,5,837.6239999999997
386,C00631,1,186.0572
387,C00632,0,153.1354
388,C00636,5,260.1358
389,C00637,0,159.1846
390,C00638,0,0.0
391,C00640,6,0.0
392,C00641,0,0.0
393,C00642,0,152.1473
394,C00643,1,220.2246
395,C00647,0,248.173
396,C00652,3,148.114
397,C00655,4,364.2054
398,C00658,5,0.0
399,C00662,-1,0.0
400,C00665,4,340.1157
401,C00667,-1,0.0
402,C00668,5,260.1358
403,C00669,2,250.2722
404,C00670,1,258.2292
405,C00671,1,130.1418
406,C00673,2,214.1104
407,C00674,6,288.4244
408,C00677,3,0.0
409,C00679,2,192.1235
410,C00681,1,0.0
411,C00685,0,0.0
412,C00689,10,422.2764
413,C00691,5,178.14
414,C00696,4,352.4651
415,C00697,0,28.0134
416,C00704,0,31.9988
417,C00705,3,387.17699999999996
418,C00712,0,282.4614
419,C00714,20,0.0
420,C00718,5,0.0
421,C00719,0,117.1463
422,C00721,10,0.0
423,C00726,0,0.0
424,C00734,15,0.0
425,C00738,0,180.1559
426,C00740,1,105.0926
427,C00748,4,916.6610000000001
428,C00750,0,202.3402
429,C00751,0,410.718
430,C00756,0,130.2279
431,C00759,-1,0.0
432,C00760,5,0.0
433,C00762,6,360.444
434,C00777,0,300.4351
435,C00779,1,194.18400000000003
436,C00780,0,176.2151
437,C00787,-1,0.0
438,C00788,1,183.2044
439,C00794,4,182.1718
440,C00800,4,196.1553
441,C00804,0,70.0468
442,C00805,0,138.1207
443,C00811,0,164.158
444,C00818,4,210.1388
445,C00822,1,195.1721
446,C00826,1,227.2139
447,C00828,0,0.0
448,C00829,0,128.1705
449,C00831,1,278.3684
450,C00836,2,301.5078
451,C00842,8,564.3290000000002
452,C00844,6,295.2879
453,C00850,0,174.1744
454,C00856,9,0.0
455,C00857,8,665.4178
456,C00860,1,141.171
457,C00864,1,219.235
458,C00865,0,0.0
459,C00868,12,0.0
460,C00870,0,139.1088
461,C00877,5,835.6081
462,C00880,4,196.1553
463,C00881,3,227.2172
464,C00886,13,0.0
465,C00887,0,44.0128
466,C00894,5,821.5815
467,C00899,0,286.4516
468,C00900,0,132.1146
469,C00909,2,318.4504
470,C00911,4,0.0
471,C00921,0,314.2994
472,C00923,-1,0.0
473,C00924,-1,0.0
474,C00931,0,226.2292
475,C00942,4,345.2053
476,C00944,3,190.1507
477,C00951,5,272.382
478,C00954,0,175.18400000000003
479,C00956,1,161.1558
480,C00957,0,120.1271
481,C00958,0,0.0
482,C00963,5,0.0
483,C00965,4,0.0
484,C00966,0,146.1412
485,C00972,0,0.0
486,C00979,1,147.1293
487,C00984,5,180.1559
488,C00986,0,74.1249
489,C00988,0,156.0313
490,C00996,-1,0.0
491,C00999,-1,0.0
492,C01005,1,185.0725
493,C01010,0,104.0648
494,C01013,0,90.0779
495,C01019,4,164.1565
496,C01021,1,0.0
497,C01022,-1,0.0
498,C01024,0,854.8098
499,C01031,2,335.3336
500,C01035,0,145.1597
501,C01036,0,200.1455
502,C01037,0,188.2673
503,C01040,4,178.14
504,C01042,1,175.1394
505,C01051,0,836.7946
506,C01054,1,426.7174
507,C01061,0,200.1455
508,C01062,3,194.1394
509,C01063,5,909.6866
510,C01075,4,259.2343
511,C01077,1,161.1558
512,C01079,0,568.7058
513,C01081,0,345.3345
514,C01083,10,342.2965
515,C01086,6,0.0
516,C01087,1,148.114
517,C01092,0,187.2362
518,C01093,9,340.2806
519,C01094,3,260.1358
520,C01096,4,262.1517
521,C01097,3,260.1358
522,C01100,1,221.1509
523,C01102,1,199.0991
524,C01103,4,368.1908
525,C01107,1,228.137
526,C01118,1,219.1919
527,C01120,2,381.4877
528,C01122,5,0.0
529,C01132,4,221.2078
530,C01134,1,358.3483
531,C01137,4,355.4358
532,C01143,1,308.1169
533,C01144,6,853.6234
534,C01149,0,130.208
535,C01153,0,0.0
536,C01157,2,131.1299
537,C01161,0,168.1467
538,C01163,0,186.1189
539,C01164,7,384.6377
540,C01165,1,131.1299
541,C01167,1,0.0
542,C01168,4,324.1813
543,C01171,1,260.1358
544,C01172,5,260.1358
545,C01173,0,176.1687
546,C01177,6,260.1358
547,C01179,0,180.1574
548,C01180,0,148.1802
549,C01181,0,146.2074
550,C01183,0,137.179
551,C01185,4,336.2119
552,C01188,0,104.1045
553,C01189,8,386.6535
554,C01190,7,0.0
555,C01192,0,408.4666
556,C01194,6,0.0
557,C01197,0,180.1574
558,C01204,6,660.0353
559,C01209,0,0.0
560,C01216,2,178.14
561,C01217,11,776.6827
562,C01220,6,340.1157
563,C01227,6,288.4244
564,C01228,4,603.1603
565,C01229,0,0.0
566,C01230,0,586.6772
567,C01233,1,215.1415
568,C01234,0,101.1039
569,C01235,11,342.2965
570,C01236,4,258.1199
571,C01239,5,220.22299999999998
572,C01241,0,0.0
573,C01242,1,0.0
574,C01245,6,420.0956
575,C01246,5,0.0
576,C01250,1,173.1665
577,C01251,1,206.1501
578,C01252,0,207.1828
579,C01256,1,0.0
580,C01259,2,205.2746
581,C01260,8,836.387
582,C01262,1,240.25900000000001
583,C01267,0,220.1198
584,C01269,3,324.178
585,C01271,1,0.0
586,C01272,6,500.0755
587,C01277,7,0.0
588,C01279,0,139.1552
589,C01284,6,580.0554
590,C01288,11,0.0
591,C01290,12,0.0
592,C01293,1,0.0
593,C01300,0,195.1787
594,C01302,2,349.2305
595,C01304,4,353.2258
596,C01322,0,0.0
597,C01326,0,27.0253
598,C01327,0,36.4609
599,C01335,0,0.0
600,C01344,3,412.1865
601,C01345,3,492.1664
602,C01346,3,388.1618
603,C01352,7,787.5656
604,C01353,0,62.0248
605,C01371,0,0.0
606,C01401,0,89.0932
607,C01416,4,303.3529
608,C01417,0,43.0247
609,C01419,1,178.2095
610,C01449,3,277.2792
611,C01450,0,0.0
612,C01467,0,108.1378
613,C01468,0,108.1378
614,C01494,0,194.18400000000003
615,C01502,0,124.1372
616,C01507,4,182.1718
617,C01516,5,285.3377
618,C01525,0,0.0
619,C01528,0,80.9759
620,C01545,0,128.21200000000002
621,C01563,0,61.04
622,C01566,0,42.04
623,C01573,2,0.0
624,C01594,5,247.2451
625,C01595,0,280.4455
626,C01598,0,232.2783
627,C01609,-1,0.0
628,C01612,0,0.0
629,C01613,19,666.5777
630,C01628,0,0.0
631,C01629,-1,0.0
632,C01635,-1,0.0
633,C01636,-1,0.0
634,C01637,-1,0.0
635,C01638,-1,0.0
636,C01639,-1,0.0
637,C01640,-1,0.0
638,C01641,-1,0.0
639,C01642,-1,0.0
640,C01643,-1,0.0
641,C01644,-1,0.0
642,C01645,-1,0.0
643,C01646,-1,0.0
644,C01647,-1,0.0
645,C01648,-1,0.0
646,C01649,-1,0.0
647,C01650,-1,0.0
648,C01651,-1,0.0
649,C01652,-1,0.0
650,C01653,-1,0.0
651,C01656,0,0.0
652,C01659,0,71.0779
653,C01672,0,102.1781
654,C01674,9,424.4003
655,C01694,8,396.6484
656,C01702,1,0.0
657,C01724,7,426.7174
658,C01725,8,342.2965
659,C01755,0,59.0903
660,C01762,4,284.2255
661,C01764,12,0.0
662,C01777,0,0.0
663,C01794,16,1158.0902
664,C01801,2,134.1305
665,C01832,5,949.8366
666,C01847,3,458.3597
667,C01860,2,204.3511
668,C01867,-1,0.0
669,C01876,0,274.4409
670,C01879,1,129.114
671,C01880,0,114.1424
672,C01885,0,0.0
673,C01888,0,73.0938
674,C01898,14,0.0
675,C01902,9,426.7174
676,C01909,0,214.2615
677,C01918,13,0.0
678,C01929,1,139.1552
679,C01931,13,0.0
680,C01934,4,180.1559
681,C01935,14,0.0
682,C01943,8,426.7174
683,C01944,5,893.7303
684,C01958,0,0.0
685,C01962,1,153.2232
686,C01977,12,0.0
687,C01978,15,0.0
688,C01996,0,146.2074
689,C01997,1,0.0
690,C02031,16,0.0
691,C02038,1,0.0
692,C02047,13,0.0
693,C02051,1,0.0
694,C02059,0,450.6957
695,C02067,4,244.2014
696,C02073,12,0.0
697,C02075,0,0.0
698,C02076,4,210.1819
699,C02090,4,723.8623
700,C02091,1,133.106
701,C02094,0,536.8726
702,C02097,8,564.3290000000002
703,C02100,12,0.0
704,C02103,0,0.0
705,C02112,0,0.0
706,C02128,9,0.0
707,C02133,0,0.0
708,C02141,10,426.7174
709,C02163,13,0.0
710,C02165,2,336.4657
711,C02166,4,625.7739
712,C02167,0,186.1189
713,C02170,0,118.088
714,C02174,0,0.0
715,C02188,1,0.0
716,C02189,1,0.0
717,C02191,0,562.6582
718,C02218,0,87.0773
719,C02222,0,158.1088
720,C02225,2,206.1501
721,C02232,5,909.6436
722,C02248,2,0.0
723,C02273,9,370.2635
724,C02282,13,0.0
725,C02291,2,222.2621
726,C02318,0,0.0
727,C02320,2,0.0
728,C02325,0,210.2265
729,C02336,4,180.1559
730,C02339,16,0.0
731,C02350,1,158.1154
732,C02351,0,108.0948
733,C02352,4,0.0
734,C02356,1,103.1198
735,C02374,9,0.0
736,C02375,0,144.5557
737,C02380,0,152.1771
738,C02391,0,0.0
739,C02411,5,879.6176
740,C02412,12,0.0
741,C02415,1,0.0
742,C02426,1,90.0779
743,C02430,13,0.0
744,C02431,4,164.1565
745,C02434,0,0.0
746,C02463,4,864.8477
747,C02469,0,830.7469
748,C02474,12,0.0
749,C02475,5,0.0
750,C02477,3,430.7061
751,C02478,5,0.0
752,C02480,0,142.1094
753,C02483,3,416.6795
754,C02489,1,0.0
755,C02492,5,0.0
756,C02504,1,176.1672
757,C02505,0,135.1632
758,C02512,1,114.1026
759,C02514,0,186.1189
760,C02520,4,0.0
761,C02530,8,0.0
762,C02532,1,185.0725
763,C02538,4,350.4293
764,C02553,13,0.0
765,C02554,13,0.0
766,C02571,1,204.2435
767,C02576,0,150.2176
768,C02583,1,0.0
769,C02588,0,524.8604
770,C02593,5,977.8898
771,C02630,0,148.114
772,C02631,0,158.1519
773,C02637,2,172.1354
774,C02646,0,150.1745
775,C02659,0,85.1045
776,C02670,4,176.1241
777,C02686,7,0.0
778,C02687,6,0.0
779,C02693,0,174.1992
780,C02700,1,236.22400000000002
781,C02702,13,0.0
782,C02714,0,130.1882
783,C02723,0,102.1781
784,C02729,-1,0.0
785,C02737,1,0.0
786,C02739,8,719.2755
787,C02741,8,559.3157
788,C02743,1,0.0
789,C02764,12,0.0
790,C02782,3,180.1559
791,C02835,0,126.1133
792,C02839,13,0.0
793,C02843,5,0.0
794,C02846,0,121.1796
795,C02863,6,0.0
796,C02871,1,0.0
797,C02872,2,0.0
798,C02876,0,154.0584
799,C02909,0,158.1965
800,C02918,0,137.1592
801,C02923,0,124.1372
802,C02929,0,0.0
803,C02934,1,299.4919
804,C02938,0,156.1839
805,C02939,5,851.6505
806,C02944,5,947.8207
807,C02946,0,145.1564
808,C02953,2,239.2312
809,C02960,2,0.0
810,C02962,4,260.1358
811,C02965,0,260.1358
812,C02967,9,0.0
813,C02972,1,0.0
814,C02984,13,0.0
815,C02987,13,0.0
816,C02988,13,0.0
817,C02989,1,165.2107
818,C02991,4,162.1406
819,C02992,14,0.0
820,C03012,0,160.1693
821,C03021,1,0.0
822,C03022,1,0.0
823,C03023,1,0.0
824,C03024,-1,0.0
825,C03028,0,505.2943
826,C03033,5,0.0
827,C03069,5,849.6347
828,C03078,0,144.175
829,C03081,0,176.1687
830,C03082,1,213.0826
831,C03090,4,229.125
832,C03103,-1,0.0
833,C03120,1,0.0
834,C03125,13,0.0
835,C03127,14,0.0
836,C03150,4,255.2472
837,C03157,-1,0.0
838,C03161,-1,0.0
839,C03170,4,721.8464
840,C03172,1,164.2459
841,C03175,3,254.1312
842,C03189,0,172.0737
843,C03193,3,0.0
844,C03195,1,300.4766
845,C03197,1,104.1045
846,C03201,1,0.0
847,C03203,0,188.1794
848,C03205,6,330.4611
849,C03221,5,947.8207
850,C03227,1,224.2133
851,C03231,5,893.6442
852,C03232,0,184.0414
853,C03238,8,386.6535
854,C03245,-1,0.0
855,C03263,0,660.7566
856,C03269,4,178.14
857,C03272,22,0.0
858,C03273,0,116.1152
859,C03284,1,103.1198
860,C03287,1,227.1092
861,C03294,13,0.0
862,C03297,13,0.0
863,C03306,1,0.0
864,C03313,2,452.7116
865,C03344,5,865.6341
866,C03345,5,849.6347
867,C03356,2,216.0832
868,C03360,0,219.0887
869,C03363,1,0.0
870,C03372,0,0.0
871,C03373,4,295.1864
872,C03402,13,0.0
873,C03406,2,290.2731
874,C03427,3,722.9112
875,C03428,3,586.6772
876,C03446,12,0.0
877,C03451,3,379.3861
878,C03454,0,0.0
879,C03455,0,524.8604
880,C03460,5,835.6081
881,C03461,0,220.3505
882,C03463,12,0.0
883,C03479,2,473.4393
884,C03492,1,299.2149
885,C03506,2,287.2057
886,C03508,1,117.1033
887,C03511,0,0.0
888,C03512,13,0.0
889,C03523,0,0.0
890,C03541,4,0.0
891,C03546,6,260.1358
892,C03557,0,125.0636
893,C03585,0,176.5545
894,C03588,7,362.4599
895,C03620,0,0.0
896,C03633,1,0.0
897,C03638,12,0.0
898,C03640,2,465.6273
899,C03680,0,156.1393
900,C03681,7,316.4776
901,C03692,6,0.0
902,C03715,0,0.0
903,C03722,0,167.1189
904,C03723,4,0.0
905,C03735,1,260.1358
906,C03740,2,0.0
907,C03741,1,131.1299
908,C03742,1,149.1467
909,C03758,0,153.1784
910,C03761,0,162.1406
911,C03765,0,136.1479
912,C03785,3,340.1157
913,C03793,1,188.2673
914,C03794,5,463.2934
915,C03798,1,0.0
916,C03800,1,0.0
917,C03837,0,218.2054
918,C03838,4,286.1764
919,C03845,7,386.6535
920,C03862,5,0.0
921,C03880,13,0.0
922,C03881,1,0.0
923,C03885,0,751.1739
924,C03892,2,0.0
925,C03895,2,0.0
926,C03899,2,0.0
927,C03912,1,113.1146
928,C03917,7,290.4403
929,C03921,2,192.1235
930,C03922,5,0.0
931,C03926,2,178.14
932,C03939,0,0.0
933,C03959,-1,0.0
934,C03968,1,0.0
935,C03979,2,162.1406
936,C03998,4,378.2551
937,C04002,0,188.1348
938,C04006,6,260.1358
939,C04036,0,410.4825
940,C04039,0,134.1305
941,C04043,0,152.1473
942,C04047,5,853.6234
943,C04051,0,126.1166
944,C04076,1,145.1564
945,C04079,2,322.3779
946,C04087,1,0.0
947,C04090,-1,0.0
948,C04112,0,156.136
949,C04133,1,269.1458
950,C04143,1,0.0
951,C04144,4,703.6572
952,C04145,0,791.0283
953,C04146,0,722.9112
954,C04154,12,0.0
955,C04155,12,0.0
956,C04157,12,0.0
957,C04181,0,132.1146
958,C04188,4,260.202
959,C04213,10,0.0
960,C04215,1,0.0
961,C04217,0,518.5602
962,C04225,0,188.1348
963,C04230,0,0.0
964,C04232,3,0.0
965,C04233,1,0.0
966,C04236,1,174.1513
967,C04242,3,326.1723
968,C04246,0,0.0
969,C04248,11,0.0
970,C04250,9,0.0
971,C04253,-1,0.0
972,C04272,1,134.1305
973,C04281,2,129.114
974,C04294,0,143.2068
975,C04299,6,242.1205
976,C04302,4,349.2305
977,C04308,0,0.0
978,C04309,0,198.0679
979,C04311,1,0.0
980,C04312,12,0.0
981,C04317,1,0.0
982,C04322,0,113.1146
983,C04327,0,223.1867
984,C04332,3,326.3052
985,C04340,0,0.0
986,C04349,1,176.1241
987,C04352,2,402.3578
988,C04375,6,0.0
989,C04376,4,314.1865
990,C04377,11,788.6934
991,C04395,-1,0.0
992,C04405,7,867.6499
993,C04409,0,185.1342
994,C04411,2,176.1672
995,C04419,2,0.0
996,C04425,4,398.4142
997,C04431,0,140.0936
998,C04432,12,0.0
999,C04438,1,0.0
1000,C04441,2,0.0
1001,C04453,8,398.6642
1002,C04475,1,0.0
1003,C04477,6,500.0755
1004,C04489,4,717.6838
1005,C04494,4,683.1402
1006,C04500,5,0.0
1007,C04501,5,301.1877
1008,C04504,5,0.0
1009,C04506,3,0.0
1010,C04512,5,0.0
1011,C04517,1,0.0
1012,C04525,7,398.6642
1013,C04537,10,0.0
1014,C04540,6,335.3104
1015,C04549,7,0.0
1016,C04553,0,186.1189
1017,C04554,6,434.6517
1018,C04556,0,219.1351
1019,C04563,6,580.0554
1020,C04570,-1,0.0
1021,C04575,2,192.1235
1022,C04582,2,260.202
1023,C04593,2,206.1501
1024,C04598,1,0.0
1025,C04599,0,173.2542
1026,C04618,1,0.0
1027,C04619,1,0.0
1028,C04620,1,0.0
1029,C04633,1,0.0
1030,C04635,1,0.0
1031,C04637,7,0.0
1032,C04640,4,313.2017
1033,C04646,4,364.2716
1034,C04666,2,238.1351
1035,C04675,5,979.7765
1036,C04677,4,338.2112
1037,C04679,2,0.0
1038,C04681,2,0.0
1039,C04682,2,0.0
1040,C04688,1,0.0
1041,C04691,3,288.1459
1042,C04692,2,0.0
1043,C04696,12,0.0
1044,C04706,0,174.5386
1045,C04727,2,0.0
1046,C04730,18,0.0
1047,C04731,0,189.2536
1048,C04732,3,276.2465
1049,C04734,4,366.2213
1050,C04735,1,0.0
1051,C04736,1,0.0
1052,C04737,17,0.0
1053,C04742,1,320.4663
1054,C04748,3,0.0
1055,C04751,4,339.1959
1056,C04752,0,299.115
1057,C04756,0,0.0
1058,C04763,1,0.0
1059,C04801,2,0.0
1060,C04805,1,320.4663
1061,C04807,0,355.1385
1062,C04810,8,0.0
1063,C04823,5,454.2833
1064,C04827,1,0.0
1065,C04840,9,444.6896
1066,C04856,9,683.4563
1067,C04874,2,255.2306
1068,C04884,23,0.0
1069,C04895,2,495.1703
1070,C04896,8,577.331
1071,C04899,9,763.4362
1072,C04900,15,814.6087
1073,C04903,20,0.0
1074,C04911,28,0.0
1075,C04916,6,577.331
1076,C04942,5,0.0
1077,C05011,0,387.514
1078,C05067,5,0.0
1079,C05102,0,0.0
1080,C05108,6,412.6908
1081,C05110,7,400.6801
1082,C05111,4,400.6801
1083,C05116,5,853.6234
1084,C05125,0,469.3669
1085,C05127,0,125.1716
1086,C05130,0,110.1139
1087,C05139,7,304.4238
1088,C05141,6,288.3814
1089,C05143,6,311.2873
1090,C05167,0,0.0
1091,C05176,1,299.3642
1092,C05196,-1,0.0
1093,C05197,0,0.0
1094,C05198,4,251.2419
1095,C05199,-1,0.0
1096,C05202,1,315.3636
1097,C05212,1,0.0
1098,C05223,0,0.0
1099,C05232,6,0.0
1100,C05258,6,1021.9423
1101,C05259,5,1019.9264
1102,C05260,6,993.8892
1103,C05261,5,991.8733
1104,C05262,6,965.836
1105,C05263,5,963.8201
1106,C05264,6,937.7828
1107,C05265,5,935.7669999999999
1108,C05266,6,909.7297
1109,C05267,5,907.7138
1110,C05268,6,881.6765
1111,C05269,5,879.6606
1112,C05270,5,865.6771
1113,C05271,5,863.6612
1114,C05272,5,1003.927
1115,C05273,5,975.8739
1116,C05274,5,921.7834
1117,C05275,5,919.7676
1118,C05276,5,891.7144
1119,C05279,5,945.8048
1120,C05280,5,945.8048
1121,C05284,6,302.4079
1122,C05291,7,304.4238
1123,C05296,6,302.4079
1124,C05298,4,286.3655
1125,C05299,4,300.3921
1126,C05300,5,286.3655
1127,C05301,5,288.3814
1128,C05302,5,302.4079
1129,C05309,-1,0.0
1130,C05312,0,0.0
1131,C05329,6,0.0
1132,C05332,0,121.1796
1133,C05335,1,196.1063
1134,C05336,13,0.0
1135,C05337,15,1142.0908
1136,C05345,4,260.1358
1137,C05356,1,336.4657
1138,C05359,-1,0.0
1139,C05360,0,30.0293
1140,C05361,0,32.0452
1141,C05378,4,340.1157
1142,C05379,0,190.1076
1143,C05381,0,527.403
1144,C05382,4,290.1618
1145,C05394,4,178.14
1146,C05399,9,344.3124
1147,C05400,9,342.2965
1148,C05401,6,254.2344
1149,C05402,9,342.2965
1150,C05403,8,340.2806
1151,C05404,14,504.4371
1152,C05413,0,544.9362
1153,C05414,0,542.9203
1154,C05421,0,544.9362
1155,C05422,2,174.1082
1156,C05430,0,540.9044
1157,C05431,0,538.8885
1158,C05432,0,536.8726
1159,C05433,0,536.8726
1160,C05434,0,538.8885
1161,C05435,0,536.8726
1162,C05437,7,384.6377
1163,C05439,7,384.6377
1164,C05440,4,394.6325
1165,C05444,10,420.6682
1166,C05445,10,418.6523
1167,C05449,15,1198.1541
1168,C05467,16,1214.1535
1169,C05512,3,252.2267
1170,C05519,2,119.1192
1171,C05526,3,426.4658
1172,C05527,0,152.1259
1173,C05528,0,168.1253
1174,C05533,0,204.1342
1175,C05544,1,0.0
1176,C05545,1,0.0
1177,C05565,0,172.1387
1178,C05575,1,198.2422
1179,C05576,0,170.1626
1180,C05577,0,168.1467
1181,C05578,0,149.1467
1182,C05579,0,147.1308
1183,C05580,0,184.1461
1184,C05581,0,166.1739
1185,C05582,0,182.1733
1186,C05583,0,182.1733
1187,C05584,0,198.1727
1188,C05587,0,167.205
1189,C05588,1,197.231
1190,C05589,1,183.2044
1191,C05593,0,152.1473
1192,C05594,0,184.1892
1193,C05601,0,190.1507
1194,C05634,0,175.18400000000003
1195,C05635,0,191.1834
1196,C05636,0,180.2038
1197,C05637,0,161.1574
1198,C05638,0,180.2038
1199,C05639,0,161.1574
1200,C05640,0,300.2231
1201,C05642,0,264.2771
1202,C05643,0,248.2777
1203,C05645,0,223.1822
1204,C05646,0,219.1935
1205,C05647,0,208.2139
1206,C05648,1,252.2234
1207,C05651,1,224.2133
1208,C05653,0,165.1461
1209,C05662,2,206.1501
1210,C05665,0,73.0938
1211,C05668,5,839.5968
1212,C05670,0,70.0931
1213,C05673,4,430.2448
1214,C05674,4,473.3325
1215,C05675,1,0.0
1216,C05684,0,126.9582
1217,C05686,4,474.1794
1218,C05688,1,168.0532
1219,C05689,1,182.0798
1220,C05691,5,446.3403
1221,C05692,5,431.3058
1222,C05695,1,311.1937
1223,C05696,4,554.1593
1224,C05697,0,144.9735
1225,C05698,1,182.0798
1226,C05699,2,269.1571
1227,C05702,0,199.0991
1228,C05703,0,95.0025
1229,C05711,2,243.2166
1230,C05712,0,0.0
1231,C05713,5,0.0
1232,C05714,0,70.0931
1233,C05715,0,128.1292
1234,C05729,1,0.0
1235,C05744,0,0.0
1236,C05745,0,0.0
1237,C05746,0,0.0
1238,C05747,1,0.0
1239,C05748,0,0.0
1240,C05749,0,0.0
1241,C05750,0,0.0
1242,C05751,0,0.0
1243,C05752,0,0.0
1244,C05753,0,0.0
1245,C05754,0,0.0
1246,C05755,0,0.0
1247,C05756,0,0.0
1248,C05757,1,0.0
1249,C05758,0,0.0
1250,C05759,0,0.0
1251,C05760,0,0.0
1252,C05761,0,0.0
1253,C05762,0,0.0
1254,C05763,0,0.0
1255,C05764,0,0.0
1256,C05766,0,836.7946
1257,C05768,0,660.7566
1258,C05778,4,862.8318
1259,C05787,10,936.9104
1260,C05791,0,590.7098
1261,C05796,10,0.0
1262,C05803,0,546.8229
1263,C05804,0,560.8494
1264,C05809,0,683.0569
1265,C05813,0,683.0569
1266,C05814,0,697.0835
1267,C05819,0,0.0
1268,C05823,1,122.1429
1269,C05827,0,124.1405
1270,C05828,0,140.1399
1271,C05838,0,164.158
1272,C05839,5,326.2986
1273,C05841,4,256.232
1274,C05844,1,254.2609
1275,C05847,0,0.0
1276,C05848,0,0.0
1277,C05850,0,0.0
1278,C05852,0,152.1473
1279,C05859,0,0.0
1280,C05860,15,0.0
1281,C05861,20,0.0
1282,C05921,7,573.5166
1283,C05922,4,541.1957
1284,C05923,4,513.1856
1285,C05924,3,395.3518
1286,C05928,3,602.5533
1287,C05929,4,0.0
1288,C05936,0,129.157
1289,C05938,2,147.1293
1290,C05946,1,162.0975
1291,C05947,2,163.1287
1292,C05951,3,496.6599
1293,C05966,1,336.4657
1294,C05973,1,0.0
1295,C05977,1,0.0
1296,C05980,2,0.0
1297,C05983,4,403.2845
1298,C05984,1,104.1045
1299,C05985,0,54.0474
1300,C05993,4,389.2579
1301,C05998,5,867.6499
1302,C06000,6,853.6234
1303,C06001,1,104.1045
1304,C06002,1,102.0886
1305,C06006,1,146.1412
1306,C06007,2,148.1571
1307,C06010,1,132.1146
1308,C06023,15,0.0
1309,C06032,2,148.114
1310,C06037,11,0.0
1311,C06054,1,214.0673
1312,C06055,2,215.0985
1313,C06056,2,135.1186
1314,C06081,0,0.0
1315,C06102,0,130.1418
1316,C06103,0,132.1577
1317,C06109,-1,0.0
1318,C06110,-1,0.0
1319,C06112,13,0.0
1320,C06113,13,0.0
1321,C06114,1,199.2071
1322,C06118,8,352.2482
1323,C06123,0,238.4088
1324,C06124,2,379.4718
1325,C06125,5,0.0
1326,C06126,12,0.0
1327,C06135,17,0.0
1328,C06136,22,0.0
1329,C06148,0,513.1856
1330,C06157,1,0.0
1331,C06174,5,299.3642
1332,C06178,0,84.1396
1333,C06197,8,756.4071
1334,C06201,0,190.1507
1335,C06206,0,202.1012
1336,C06215,12,0.0
1337,C06222,4,290.1618
1338,C06232,0,161.9535
1339,C06244,0,59.0672
1340,C06249,1,0.0
1341,C06250,2,0.0
1342,C06254,0,0.0
1343,C06316,1,146.0981
1344,C06329,0,192.5539
1345,C06370,5,0.0
1346,C06376,4,301.1877
1347,C06377,4,259.151
1348,C06412,-1,0.0
1349,C06427,0,278.4296
1350,C06459,0,168.1513
1351,C06481,13,0.0
1352,C06604,0,291.2606
1353,C06606,0,275.195
1354,C06611,0,92.5242
1355,C06612,0,92.5242
1356,C06613,0,90.5083
1357,C06614,0,106.5077
1358,C06615,0,106.5077
1359,C06672,0,168.1467
1360,C06714,5,925.686
1361,C06715,5,923.6701
1362,C06730,0,124.1372
1363,C06741,-1,0.0
1364,C06751,1,0.0
1365,C06754,0,78.4976
1366,C06755,0,94.49700000000001
1367,C06790,0,131.3883
1368,C06800,0,312.2736
1369,C06868,0,236.2686
1370,C06899,0,165.403
1371,C07047,0,261.086
1372,C07054,0,137.1393
1373,C07073,0,234.3373
1374,C07086,0,136.1479
1375,C07090,0,96.0841
1376,C07091,0,114.0993
1377,C07108,0,371.5146
1378,C07118,5,913.6769
1379,C07281,1,0.0
1380,C07282,1,0.0
1381,C07296,5,1005.9429
1382,C07297,5,1062.0062
1383,C07299,-1,0.0
1384,C07300,-1,0.0
1385,C07330,0,84.1164
1386,C07446,0,123.1094
1387,C07447,0,74.0818
1388,C07480,0,180.16400000000002
1389,C07481,0,194.1906
1390,C07490,0,149.4036
1391,C07496,0,252.268
1392,C07535,0,252.3093
1393,C07572,0,324.3919
1394,C07585,0,179.176
1395,C07645,0,277.0854
1396,C07646,0,293.0848
1397,C07649,0,130.0772
1398,C08249,3,277.191
1399,C08276,0,120.1701
1400,C08325,11,457.4285
1401,C08334,6,261.2717
1402,C08492,0,100.1589
1403,C08586,1,536.8726
1404,C08607,0,498.7385
1405,C08613,0,534.8568
1406,C08821,8,412.6908
1407,C08830,9,440.744
1408,C09332,3,574.5432
1409,C09814,0,103.1213
1410,C09815,0,121.1366
1411,C09819,7,973.7288
1412,C09820,6,971.7129
1413,C10974,0,101.1469
1414,C11004,0,121.1796
1415,C11038,3,417.20300000000003
1416,C11039,3,497.1829
1417,C11088,0,187.8612
1418,C11145,0,96.1057
1419,C11148,0,147.3877
1420,C11150,0,163.3871
1421,C11173,1,392.4046
1422,C11278,2,635.5965
1423,C11355,2,225.19799999999998
1424,C11376,6,568.5287
1425,C11455,6,410.6749
1426,C11475,9,0.0
1427,C11508,7,410.6749
1428,C11522,8,412.6908
1429,C11524,-1,0.0
1430,C11525,-1,0.0
1431,C11526,6,740.0152
1432,C11537,1,170.1411
1433,C11555,6,500.0755
1434,C11556,7,0.0
1435,C11557,7,0.0
1436,C11572,11,0.0
1437,C11583,0,566.3936
1438,C11735,0,103.1198
1439,C11785,5,271.3111
1440,C11821,0,184.1097
1441,C11823,0,0.0
1442,C11907,7,546.3137
1443,C11924,0,166.217
1444,C11945,5,917.7517
1445,C11946,5,917.7517
1446,C11947,5,935.7669999999999
1447,C12126,2,0.0
1448,C12144,3,317.5072
1449,C12145,3,0.0
1450,C12146,5,0.0
1451,C12205,0,196.1999
1452,C12214,3,259.151
1453,C12215,2,199.0991
1454,C12248,0,202.1249
1455,C12270,2,304.2533
1456,C12448,2,199.2469
1457,C12455,0,101.1469
1458,C12632,10,638.4845
1459,C12650,4,359.3501
1460,C12673,0,200.1671
1461,C12739,4,246.1924
1462,C12834,0,208.9837
1463,C12835,0,226.99900000000002
1464,C12838,0,140.0936
1465,C13378,0,485.3663
1466,C13425,0,546.8229
1467,C13645,0,80.9119
1468,C13747,0,180.16400000000002
1469,C14040,0,173.1681
1470,C14088,0,152.1473
1471,C14089,0,158.1965
1472,C14090,0,156.1806
1473,C14099,0,156.1806
1474,C14103,0,152.1473
1475,C14109,0,168.1467
1476,C14110,0,140.1366
1477,C14144,5,893.6442
1478,C14145,6,911.6594
1479,C14151,3,402.6529
1480,C14152,1,416.6795
1481,C14153,1,424.6585
1482,C14154,1,410.6319
1483,C14155,1,410.6319
1484,C14156,1,396.6053
1485,C14180,2,337.3495
1486,C14463,1,146.1412
1487,C14556,0,268.3087
1488,C14749,1,320.4663
1489,C14768,0,320.4663
1490,C14769,0,320.4663
1491,C14770,0,320.4663
1492,C14771,0,320.4663
1493,C14778,1,320.4663
1494,C14781,1,336.4657
1495,C14782,1,354.481
1496,C14786,2,144.1699
1497,C14787,2,144.1699
1498,C14791,4,451.4934
1499,C14792,4,451.4934
1500,C14793,4,451.4934
1501,C14800,0,189.1675
1502,C14802,0,189.1675
1503,C14803,2,496.491
1504,C14804,2,496.491
1505,C14805,2,496.491
1506,C14806,2,496.491
1507,C14813,0,336.4657
1508,C14814,0,354.481
1509,C14818,0,55.845
1510,C14819,0,55.845
1511,C14825,2,296.4449
1512,C14826,2,296.4449
1513,C14839,0,173.0073
1514,C14840,0,173.0073
1515,C14847,2,480.3308
1516,C14848,2,480.3308
1517,C14849,0,268.3087
1518,C14850,0,268.3087
1519,C14851,0,268.3087
1520,C14852,0,286.324
1521,C14853,0,302.3234
1522,C14854,0,284.3081
1523,C14855,2,575.6322
1524,C14856,2,575.6322
1525,C14857,0,112.9427
1526,C14858,0,112.9427
1527,C14859,0,112.9427
1528,C14861,2,420.2662
1529,C14863,4,654.6678
1530,C14864,2,383.8052
1531,C14865,2,383.8052
1532,C14866,0,147.3877
1533,C14868,2,402.2509
1534,C14870,0,122.9486
1535,C14871,2,349.3602
1536,C14874,2,334.3687
1537,C15496,0,0.0
1538,C15498,0,0.0
1539,C15521,0,0.0
1540,C15522,4,257.2465
1541,C15527,2,850.8211
1542,C15532,1,217.2224
1543,C15544,10,0.0
1544,C15556,0,184.0844
1545,C15565,1,0.0
1546,C15571,0,110.1106
1547,C15572,0,124.1372
1548,C15573,10,0.0
1549,C15574,15,0.0
1550,C15575,10,0.0
1551,C15576,15,0.0
1552,C15584,0,94.1112
1553,C15585,-1,0.0
1554,C15602,-1,0.0
1555,C15603,-1,0.0
1556,C15604,0,0.0
1557,C15605,1,236.22400000000002
1558,C15606,0,162.2068
1559,C15613,17,1200.17
1560,C15647,0,0.0
1561,C15650,0,242.1867
1562,C15651,0,242.1867
1563,C15653,2,0.0
1564,C15656,25,0.0
1565,C15776,8,412.6908
1566,C15777,8,398.6642
1567,C15778,6,396.6484
1568,C15780,7,396.6484
1569,C15781,7,398.6642
1570,C15782,8,412.6908
1571,C15783,4,410.6749
1572,C15785,8,398.6642
1573,C15786,8,400.6801
1574,C15796,8,414.6636
1575,C15797,9,416.6795
1576,C15804,-1,0.0
1577,C15805,-1,0.0
1578,C15806,-1,0.0
1579,C15807,-1,0.0
1580,C15808,6,442.6737
1581,C15810,0,0.0
1582,C15811,1,0.0
1583,C15812,1,0.0
1584,C15814,0,0.0
1585,C15816,4,396.6484
1586,C15853,0,143.23
1587,C15854,1,0.0
1588,C15867,0,534.8568
1589,C15930,4,196.1553
1590,C15972,1,0.0
1591,C15973,1,0.0
1592,C15974,0,511.4467
1593,C15975,1,0.0
1594,C15976,0,497.4201
1595,C15977,1,0.0
1596,C15978,1,511.4467
1597,C15979,2,0.0
1598,C15980,6,851.6505
1599,C15998,2,165.2107
1600,C15999,2,165.2107
1601,C16074,0,117.1479
1602,C16153,8,535.2909999999998
1603,C16154,8,563.3011
1604,C16155,7,534.2599
1605,C16168,5,1106.0603
1606,C16169,5,1078.0071
1607,C16172,5,1108.0762
1608,C16173,5,1080.0230000000001
1609,C16216,5,1047.9796
1610,C16217,5,1049.9955
1611,C16218,5,1031.9802
1612,C16219,0,0.0
1613,C16220,1,0.0
1614,C16236,0,0.0
1615,C16237,1,0.0
1616,C16239,1,0.0
1617,C16240,0,0.0
1618,C16254,1,0.0
1619,C16255,1,0.0
1620,C16291,0,538.8885
1621,C16310,0,98.14299999999999
1622,C16327,7,1043.9478
1623,C16328,7,1041.932
1624,C16329,7,1059.9472
1625,C16330,7,1057.9314
1626,C16331,7,1015.8947
1627,C16332,7,1013.8788
1628,C16333,7,1031.8941
1629,C16334,7,1029.8782
1630,C16335,7,987.8415
1631,C16336,7,985.8256
1632,C16337,7,1003.8409
1633,C16338,7,1001.825
1634,C16339,7,959.7884
1635,C16348,0,90.5083
1636,C16353,0,166.1374
1637,C16355,0,182.1368
1638,C16356,0,196.1634
1639,C16358,0,166.1374
1640,C16359,0,182.1368
1641,C16360,0,196.1634
1642,C16361,0,210.19
1643,C16362,0,200.1952
1644,C16374,5,1104.0444
1645,C16376,5,1120.0438
1646,C16387,5,1106.0603
1647,C16389,5,1122.0597
1648,C16453,0,207.2291
1649,C16466,5,919.7245
1650,C16468,5,875.6719
1651,C16469,5,893.6872
1652,C16470,5,877.6878
1653,C16471,5,891.6713
1654,C16472,0,128.1011
1655,C16473,0,128.1011
1656,C16474,0,160.0999
1657,C16475,0,160.0999
1658,C16476,0,160.0999
1659,C16477,0,160.0999
1660,C16487,0,20.0063
1661,C16502,0,236.3499
1662,C16543,1,518.561
1663,C16545,0,387.514
1664,C16546,0,357.48800000000006
1665,C16547,0,373.4874
1666,C16550,0,198.5877
1667,C16551,0,279.1012
1668,C16555,0,198.5877
1669,C16560,0,250.3367
1670,C16561,0,206.2841
1671,C16565,0,159.2724
1672,C16586,0,195.2151
1673,C16587,0,193.1992
1674,C16591,0,209.1986
1675,C16595,0,193.1992
1676,C16596,0,191.1834
1677,C16607,0,340.3913
1678,C16608,0,310.3654
1679,C16609,0,296.3388
1680,C16612,0,295.3077
1681,C16613,0,184.1759
1682,C16618,4,380.27099999999996
1683,C16619,4,379.2862
1684,C16633,4,262.1918
1685,C16634,4,342.1717
1686,C16635,4,245.2077
1687,C16636,-1,0.0
1688,C16641,1,586.678
1689,C16647,0,131.1729
1690,C16663,-1,0.0
1691,C16664,-1,0.0
1692,C16669,8,0.0
1693,C16675,0,179.1793
1694,C16677,0,316.4345
1695,C16679,0,316.4345
1696,C16680,0,316.4345
1697,C16688,9,422.2764
1698,C16720,2,0.0
1699,C16736,0,0.0
1700,C16738,0,0.0
1701,C16739,3,0.0
1702,C16756,2,328.273
1703,C16818,7,358.6004
1704,C16828,0,178.1415
1705,C16832,1,0.0
1706,C16834,0,88.1482
1707,C16835,0,86.0892
1708,C16836,0,212.2887
1709,C16837,0,144.1717
1710,C17023,-1,0.0
1711,C17202,1,0.0
1712,C17207,14,0.0
1713,C17234,0,101.1039
1714,C17324,12,0.0
1715,C17325,12,0.0
1716,C17343,17,1200.17
1717,C17345,16,1184.1706
1718,C17346,16,1184.1706
1719,C17509,16,0.0
1720,C17510,12,0.0
1721,C17560,0,0.0
1722,C17561,0,0.0
1723,C18040,7,332.477
1724,C18060,5,301.1877
1725,C18075,7,304.4238
1726,C18091,0,74.0587
1727,C18096,3,260.1358
1728,C18237,3,521.2747
1729,C18239,4,363.2206
1730,C18240,0,247.8909
1731,C18241,0,279.8897
1732,C18242,0,243.4287
1733,C18243,0,261.444
1734,C18304,0,188.5652
1735,C18305,0,206.5805
1736,C18309,0,188.5652
1737,C18310,0,206.5805
1738,C18796,1,99.1311
1739,C18902,0,127.0013
1740,C18910,3,355.2417
1741,C19488,0,256.341
1742,C19489,0,272.3404
1743,C19490,2,290.3557
1744,C19559,4,306.3551
1745,C19563,0,223.2285
1746,C19566,0,223.2285
1747,C19574,0,209.245
1748,C19577,0,225.2444
1749,C19580,0,225.2444
1750,C19585,3,328.273
1751,C19586,4,328.273
1752,C19594,4,344.2724
1753,C19595,4,328.273
1754,C19604,0,272.3404
1755,C19673,0,0.0
1756,C19691,1,325.5092
1757,C19776,0,0.0
1758,C19803,2,0.0
1759,C19845,0,0.0
1760,C19848,7,724.5578
1761,C19858,0,0.0
1762,C19859,0,0.0
1763,C19891,6,180.1559
1764,C19892,0,482.7391
1765,C19935,0,42.0201
1766,C19937,1,312.4443
1767,C19967,3,523.1804
1768,C19968,3,363.2206
1769,C20119,6,0.0
1770,C20120,6,0.0
1771,C20183,4,458.235
1772,C20246,1,267.1962
1773,C20247,0,267.1962
1774,C20251,5,178.14
1775,C20258,2,187.1501
1776,C20372,0,0.0
1777,C20373,0,0.0
1778,C20375,0,0.0
1779,C20376,0,0.0
1780,C20377,0,0.0
1781,C20446,12,0.0
1782,C20482,9,683.4563
1783,C20483,9,763.4362
1784,C20505,2,400.3356
1785,C20506,1,402.3515
1786,C20507,2,358.29900000000015
1787,C20508,1,360.3148
1788,C20513,2,367.4415
1789,C20607,2,381.4681
1790,C20641,6,492.3346
1791,C20646,1,178.1846
1792,C20647,12,0.0
1793,C20648,12,0.0
1794,C20649,13,0.0
1795,C20652,13,0.0
1796,C20659,13,0.0
1797,C20660,13,0.0
1798,C20663,1,0.0
1799,C20680,2,178.14
1800,C20688,12,0.0
1801,C20691,12,0.0
1802,C20722,7,0.0
1803,C20751,14,0.0
1804,C20776,3,433.3673
1805,C20796,12,0.0
1806,C20858,1,0.0
1807,C20863,12,0.0
1808,C20864,12,0.0
1809,C20876,5,0.0
1810,C20877,5,0.0
1811,C20878,6,0.0
1812,C20879,5,0.0
1813,C20895,2,179.2157
1814,C20904,0,87.0773
1815,C20905,0,101.1039
1816,C20969,0,142.0047
1817,C20995,3,462.4979
1818,C21015,2,232.2337
1819,C21016,2,289.2851
1820,C21017,0,483.3935
1821,C21018,1,0.0
1822,C21020,4,0.0
1823,C21031,9,0.0
1824,C21072,5,1003.927
1825,C21113,4,336.235
1826,C21188,1,0.0
1827,C21189,1,0.0
1828,C21190,1,0.0
1829,C21299,0,0.0
1830,C21300,0,0.0
1831,C21440,1,0.0
1832,C21486,3,537.3403
1833,C21748,4,422.1516
1834,C21749,4,502.1315
1835,C21750,3,406.1522
1836,C21751,3,486.1321
1837,C21754,0,106.1021
1838,C21758,-1,0.0
1839,C22111,2,320.4663
1840,C22112,8,428.6472
1841,C22136,6,382.6218
1842,C22150,-1,0.0
1843,C22151,-1,0.0
1844,C22154,-1,0.0
1845,C22155,-1,0.0
1846,C22157,0,0.0
1847,C22158,0,0.0
1848,C22159,0,0.0
1849,C22160,0,0.0
1850,C00072,2,176.1241
1851,C00138,-1,0.0
1852,C00139,-1,0.0
1853,C00178,0,126.1133
1854,C00223,5,913.6769
1855,C00261,0,106.1219
1856,C00266,0,60.052
1857,C00301,8,559.3157
1858,C00305,0,24.305
1859,C00323,5,929.6763
1860,C00325,9,589.3417
1861,C00388,0,111.1451
1862,C00389,0,302.2357
1863,C00406,5,943.7028
1864,C00411,5,973.7288
1865,C00429,0,114.1026
1866,C00436,0,131.1762
1867,C00482,0,224.21
1868,C00498,9,589.3417
1869,C00500,0,582.6463
1870,C00509,1,272.2528
1871,C00513,4,477.255
1872,C00532,2,152.1458
1873,C00540,5,897.6775
1874,C00553,3,156.2652
1875,C00583,0,76.0944
1876,C00584,4,352.4651
1877,C00609,0,0.0
1878,C00612,0,187.2825
1879,C00666,2,190.1971
1880,C00680,2,190.1971
1881,C00693,0,0.0
1882,C00717,0,0.0
1883,C00729,0,141.2108
1884,C00736,0,121.1582
1885,C00766,0,224.2546
1886,C00774,0,274.2687
1887,C00783,0,139.1949
1888,C00843,2,154.2493
1889,C00852,4,354.3087
1890,C00859,8,348.3903
1891,C00882,5,687.5542
1892,C00885,2,226.1828
1893,C00903,0,132.1592
1894,C00933,0,310.3655
1895,C00935,7,536.2758
1896,C00937,1,74.0785
1897,C00940,0,145.1134
1898,C00974,2,288.2522
1899,C00991,-1,0.0
1900,C01025,0,0.0
1901,C01041,0,175.1162
1902,C01069,5,329.3688
1903,C01078,1,0.0
1904,C01112,3,230.1098
1905,C01115,4,178.14
1906,C01117,4,0.0
1907,C01126,0,222.3663
1908,C01159,1,266.0371
1909,C01175,5,386.3506
1910,C01182,2,310.0897
1911,C01187,4,238.192
1912,C01203,0,0.0
1913,C01205,1,103.1198
1914,C01210,0,155.0896
1915,C01222,8,587.3258
1916,C01226,2,292.4131
1917,C01243,6,420.0956
1918,C01268,4,354.2106
1919,C01370,0,0.0
1920,C01378,2,288.2522
1921,C01389,2,296.531
1922,C01469,4,0.0
1923,C01530,0,284.4772
1924,C01571,0,172.2646
1925,C01617,2,304.2516
1926,C01678,0,77.1487
1927,C01697,4,182.1718
1928,C01785,0,110.1106
1929,C01802,8,384.6377
1930,C01810,19,0.0
1931,C01816,0,240.4677
1932,C01825,4,180.1559
1933,C01838,0,268.4778
1934,C01967,0,795.2265
1935,C01972,16,0.0
1936,C02003,0,0.0
1937,C02028,0,0.0
1938,C02034,6,362.4168
1939,C02035,7,332.3909
1940,C02041,5,1062.0492
1941,C02050,5,1029.9643
1942,C02060,8,1062.0492
1943,C02061,0,0.0
1944,C02099,1,224.2546
1945,C02101,24,0.0
1946,C02119,0,0.0
1947,C02139,3,614.9733
1948,C02198,5,352.4651
1949,C02226,0,130.0987
1950,C02249,5,1053.9857
1951,C02280,9,605.3411
1952,C02315,2,0.0
1953,C02345,1,226.2705
1954,C02362,0,131.0868
1955,C02394,0,134.1751
1956,C02471,2,0.0
1957,C02557,5,867.6069
1958,C02567,0,244.3769
1959,C02582,2,0.0
1960,C02591,9,422.2764
1961,C02612,1,148.114
1962,C02642,0,132.1179
1963,C02666,0,178.1846
1964,C02679,0,200.3178
1965,C02730,0,222.1941
1966,C02745,-1,0.0
1967,C02755,4,0.0
1968,C02763,0,164.158
1969,C02816,1,0.0
1970,C02850,1,0.0
1971,C02869,-1,0.0
1972,C02880,1,612.9574
1973,C02906,2,320.251
1974,C02947,3,320.2940000000001
1975,C02985,5,244.1364
1976,C03035,5,1027.9484
1977,C03089,3,180.2221
1978,C03160,5,971.7129
1979,C03226,0,781.1999
1980,C03242,0,306.4828
1981,C03516,0,584.9473
1982,C03579,9,364.3897
1983,C03595,5,1056.0016
1984,C03617,14,0.0
1985,C03641,6,410.5442
1986,C03648,3,290.2681
1987,C03657,0,204.1788
1988,C03684,0,237.2153
1989,C03719,0,167.2282
1990,C03737,4,230.1098
1991,C03861,0,214.1736
1992,C03866,17,0.0
1993,C03906,4,230.1098
1994,C03941,1,0.0
1995,C03972,1,171.1507
1996,C04037,5,274.1193
1997,C04062,6,340.1157
1998,C04063,6,340.1157
1999,C04083,0,203.2437
2000,C04088,0,0.0
2001,C04089,8,548.2865
2002,C04121,9,543.3732
2003,C04131,0,0.0
2004,C04160,12,0.0
2005,C04197,5,337.3246
2006,C04244,0,239.2312
2007,C04258,13,0.0
2008,C04262,1,0.0
2009,C04384,15,0.0
2010,C04398,2,0.0
2011,C04443,0,316.2623
2012,C04454,3,356.2264
2013,C04459,17,0.0
2014,C04478,4,318.1719
2015,C04520,6,500.0755
2016,C04536,0,598.9739
2017,C04579,6,580.0554
2018,C04649,15,0.0
2019,C04652,11,1018.0271
2020,C04672,1,292.4131
2021,C04702,15,1149.9363
2022,C04717,1,312.4443
2023,C04738,10,833.7087
2024,C04780,2,294.4290000000001
2025,C04785,1,310.4284
2026,C04824,7,711.8611
2027,C04825,15,0.0
2028,C04833,16,0.0
2029,C04851,11,1673.0374
2030,C04882,16,1193.9458
2031,C04914,0,0.0
2032,C04919,14,1405.7069
2033,C04932,14,1325.727
2034,C04937,0,0.0
2035,C04944,15,0.0
2036,C05107,7,382.6218
2037,C05109,7,428.7333
2038,C05200,0,562.8223
2039,C05227,-1,0.0
2040,C05306,5,893.4889999999997
2041,C05307,4,907.4725
2042,C05313,0,576.8488
2043,C05324,3,303.3116
2044,C05350,0,180.1574
2045,C05385,5,274.1193
2046,C05427,2,456.4908
2047,C05546,1,0.0
2048,C05608,0,148.1586
2049,C05610,0,208.2106
2050,C05619,0,210.1834
2051,C05631,1,288.2522
2052,C05690,1,211.1409
2053,C05726,1,0.0
2054,C05727,1,0.0
2055,C05805,0,576.8488
2056,C05815,0,713.0829
2057,C05817,2,240.2094
2058,C05840,0,131.0868
2059,C05893,16,1876.23
2060,C05897,12,1717.0469
2061,C05898,17,1920.2395
2062,C05902,0,300.2629
2063,C05903,0,286.2363
2064,C05904,0,271.2448
2065,C05905,0,287.2442
2066,C05906,3,306.2675
2067,C05907,1,290.2681
2068,C05908,0,303.2436
2069,C05909,3,322.2669
2070,C05911,1,304.2516
2071,C05913,1,584.6621
2072,C05933,1,190.2004
2073,C05981,7,0.0
2074,C05999,0,74.0785
2075,C06022,10,791.6721
2076,C06024,19,1625.8836
2077,C06025,24,1846.0603
2078,C06060,-1,0.0
2079,C06082,1,264.3169
2080,C06089,3,450.4432
2081,C06090,4,272.4681
2082,C06094,7,348.4333
2083,C06095,7,364.4327
2084,C06096,8,348.3903
2085,C06098,2,568.8714
2086,C06186,5,272.2512
2087,C06192,9,589.3417
2088,C06403,1,0.0
2089,C06404,1,0.0
2090,C06423,0,144.2114
2091,C06424,0,228.3709
2092,C06425,0,312.5304
2093,C06426,0,278.4296
2094,C06428,0,302.45099999999996
2095,C06429,0,328.4883
2096,C06547,0,28.0532
2097,C06561,0,272.2528
2098,C06562,2,290.2681
2099,C07343,8,1078.0486
2100,C07345,0,120.1702
2101,C07648,0,167.1917
2102,C08362,0,254.4082
2103,C08491,2,210.2695
2104,C08578,0,272.2528
2105,C08579,4,584.8708
2106,C08604,5,449.3848
2107,C08614,6,600.8702
2108,C08650,0,256.2534
2109,C09320,2,274.2687
2110,C09321,0,224.2546
2111,C09614,1,272.2528
2112,C09666,0,204.3511
2113,C09727,2,290.2681
2114,C09736,3,290.2681
2115,C09751,2,272.2528
2116,C09762,1,256.2534
2117,C09826,2,272.2528
2118,C09827,1,256.2534
2119,C10192,0,302.2357
2120,C10193,0,330.2889
2121,C10434,3,336.2934
2122,C10906,3,180.1559
2123,C10945,0,164.158
2124,C11174,6,740.0152
2125,C11389,1,154.2493
2126,C11434,2,216.1263
2127,C11435,6,521.3075
2128,C11436,6,601.2874
2129,C11437,2,214.1104
2130,C11439,3,0.0
2131,C11440,3,0.0
2132,C11453,2,278.0909
2133,C11512,2,224.2961
2134,C11521,9,630.3656
2135,C11523,9,426.7174
2136,C11554,7,0.0
2137,C11736,3,246.1924
2138,C11811,0,262.0915
2139,C11829,0,614.9733
2140,C11830,0,612.9574
2141,C11831,1,610.9415
2142,C11832,3,612.9574
2143,C11854,6,330.375
2144,C11855,6,346.3744
2145,C11857,7,332.4339
2146,C11860,7,348.4333
2147,C11861,7,346.4174
2148,C11863,7,316.3915
2149,C11864,8,332.3909
2150,C11865,8,332.3909
2151,C11868,9,348.3903
2152,C11869,7,346.3744
2153,C11870,7,362.3738
2154,C12124,1,274.2687
2155,C12127,2,306.2675
2156,C12128,2,274.2687
2157,C12136,2,306.2675
2158,C12137,5,433.3854
2159,C12138,5,465.3842
2160,C12203,5,959.7022
2161,C12204,0,194.18400000000003
2162,C12206,0,166.1739
2163,C12208,4,338.3093
2164,C12287,0,192.2973
2165,C12308,7,346.4174
2166,C13431,5,600.8702
2167,C13433,6,600.8702
2168,C13453,3,250.3334
2169,C13455,1,248.3175
2170,C13482,0,169.1161
2171,C14044,2,382.5357
2172,C14045,3,382.5357
2173,C14146,0,538.8885
2174,C14827,1,312.4443
2175,C14830,8,587.3258
2176,C15485,3,304.2964
2177,C15486,2,302.2805
2178,C15500,4,320.2958
2179,C15501,5,336.2952
2180,C15502,4,320.2958
2181,C15525,0,288.2522
2182,C15539,5,0.0
2183,C15541,9,0.0
2184,C15543,10,0.0
2185,C15545,0,219.2431
2186,C15546,5,381.3837
2187,C15547,5,953.6977
2188,C15589,0,208.2552
2189,C15598,2,0.0
2190,C15857,0,540.9044
2191,C15858,0,536.8726
2192,C15882,2,402.6529
2193,C15883,2,416.6795
2194,C15915,6,414.7067
2195,C15925,8,605.3411
2196,C15926,5,260.1358
2197,C15990,6,580.0554
2198,C15991,0,580.0554
2199,C16011,9,0.0
2200,C16162,5,1027.9484
2201,C16165,5,1051.9698
2202,C16221,0,0.0
2203,C16276,0,536.8726
2204,C16321,1,310.4284
2205,C16324,0,292.4131
2206,C16375,6,1122.0597
2207,C16388,6,1124.0756
2208,C16404,0,256.2534
2209,C16405,0,302.2788
2210,C16415,3,274.2687
2211,C16516,0,206.2642
2212,C16517,5,368.4048
2213,C16519,4,328.2714
2214,C16520,0,0.0
2215,C16521,0,68.117
2216,C16540,3,630.9727
2217,C16541,3,628.9568
2218,C16614,0,166.2036
2219,C16615,4,378.2982
2220,C16630,0,132.0931
2221,C16631,0,150.1084
2222,C16632,0,107.0836
2223,C16693,0,0.0
2224,C16695,0,751.217
2225,C16775,1,204.3511
2226,C17239,0,183.2276
2227,C17240,5,345.3682
2228,C17243,0,165.2769
2229,C17244,5,327.4175
2230,C17259,5,0.0
2231,C17261,0,0.0
2232,C17267,2,339.3885
2233,C17554,0,0.0
2234,C17556,0,847.2824
2235,C17559,0,0.0
2236,C17562,0,0.0
2237,C17568,0,590.8754
2238,C17569,0,727.1095
2239,C17570,0,737.1904
2240,C18094,7,536.2758
2241,C18151,5,909.4884
2242,C18170,0,115.1305
2243,C18217,0,448.5922
2244,C18218,0,272.4235
2245,C19418,0,298.4608
2246,C19616,0,298.4608
2247,C19620,0,314.4602
2248,C19669,0,202.3402
2249,C19739,0,316.2623
2250,C19746,1,222.3663
2251,C19752,1,204.3511
2252,C19759,0,538.8885
2253,C19764,0,540.9044
2254,C19765,0,542.9203
2255,C19802,6,0.0
2256,C19804,7,0.0
2257,C19811,3,0.0
2258,C19812,0,0.0
2259,C19846,0,0.0
2260,C19847,0,0.0
2261,C19875,29,2066.237
2262,C19876,34,2286.4136
2263,C20187,4,426.7174
2264,C20374,0,0.0
2265,C20378,0,0.0
2266,C20451,12,0.0
2267,C20458,12,0.0
2268,C20459,12,0.0
2269,C20484,0,536.8726
2270,C20661,14,0.0
2271,C20683,0,0.0
2272,C20690,6,819.9951
2273,C20692,0,376.5741
2274,C20693,0,302.4079
2275,C20694,0,138.1638
2276,C20695,0,376.5741
2277,C20696,0,258.3984
2278,C20697,0,150.1745
2279,C20717,0,128.1259
2280,C20718,0,126.11
2281,C20723,12,0.0
2282,C20737,0,396.6053
2283,C20738,0,410.6319
2284,C20752,14,0.0
2285,C20754,14,0.0
2286,C20764,2,376.5109
2287,C21021,3,0.0
2288,C21028,1,128.1292
2289,C21029,1,146.1445
2290,C21381,0,223.2466
2291,C21417,2,240.25400000000002
2292,C21418,3,242.2699
2293,C21640,1,239.2312
2294,C21787,2,371.3873
2295,C21871,0,0.0
2296,C21872,5,0.0
2297,C21913,5,915.6927
2298,C00128,10,614.4511
2299,C00133,1,89.0932
2300,C00175,0,58.9332
2301,C00194,17,1579.5818
2302,C00215,-1,0.0
2303,C00217,1,147.1293
2304,C00265,2,154.251
2305,C00270,5,309.2699
2306,C00300,0,131.1332
2307,C00309,2,150.1299
2308,C00312,2,150.1299
2309,C00318,1,161.1989
2310,C00394,8,605.3411
2311,C00401,10,0.0
2312,C00402,1,133.1027
2313,C00403,0,0.0
2314,C00405,1,0.0
2315,C00439,1,174.1546
2316,C00477,10,464.6347
2317,C00486,0,584.6621
2318,C00508,2,150.1299
2319,C00515,1,132.161
2320,C00523,7,290.4403
2321,C00536,0,257.955
2322,C00541,13,1329.3478
2323,C00565,0,59.1103
2324,C00573,20,0.0
2325,C00580,0,62.13399999999999
2326,C00591,5,0.0
2327,C00611,10,383.3484
2328,C00618,3,194.1394
2329,C00619,0,272.425
2330,C00634,10,0.0
2331,C00639,5,354.481
2332,C00645,4,221.2078
2333,C00664,2,472.4546
2334,C00672,3,214.1104
2335,C00676,3,0.0
2336,C00683,6,867.6069
2337,C00686,4,0.0
2338,C00694,10,0.0
2339,C00706,0,0.0
2340,C00708,0,126.9045
2341,C00735,7,362.4599
2342,C00763,1,115.1305
2343,C00785,0,138.124
2344,C00792,1,174.201
2345,C00812,0,0.0
2346,C00819,1,146.1445
2347,C00835,1,237.2153
2348,C00853,13,1330.3557
2349,C00884,1,240.25900000000001
2350,C00916,3,415.4182
2351,C00997,-1,0.0
2352,C01000,-1,0.0
2353,C01003,1,0.0
2354,C01008,0,77.1686
2355,C01033,5,851.6505
2356,C01034,0,272.425
2357,C01045,1,175.1394
2358,C01060,1,432.9816
2359,C01064,10,0.0
2360,C01089,1,104.1045
2361,C01101,2,230.1098
2362,C01104,0,75.1097
2363,C01110,0,131.1299
2364,C01119,2,152.2351
2365,C01127,0,162.0975
2366,C01141,1,0.0
2367,C01146,0,104.0615
2368,C01176,6,330.4611
2369,C01200,5,0.0
2370,C01211,2,0.0
2371,C01213,6,867.6069
2372,C01240,4,0.0
2373,C01306,10,0.0
2374,C01308,1,0.0
2375,C01336,0,0.0
2376,C01356,-1,0.0
2377,C01664,0,0.0
2378,C01756,0,152.1771
2379,C01779,0,265.3314
2380,C01893,3,243.3259
2381,C01953,7,316.4776
2382,C02135,9,1046.1786
2383,C02179,2,0.0
2384,C02211,0,0.0
2385,C02269,3,0.0
2386,C02297,0,0.0
2387,C02303,2,0.0
2388,C02305,0,211.1131
2389,C02307,-1,0.0
2390,C02308,-1,0.0
2391,C02323,0,124.1372
2392,C02436,0,0.0
2393,C02515,1,307.0851
2394,C02535,0,109.029
2395,C02587,0,221.2159
2396,C02633,8,480.6341
2397,C02713,5,293.2705
2398,C02749,1,0.0
2399,C02773,1,0.0
2400,C02805,3,0.0
2401,C02809,0,281.3308
2402,C02882,1,0.0
2403,C02900,5,0.0
2404,C02986,3,0.0
2405,C02990,1,399.6077
2406,C02999,7,364.3484
2407,C03196,1,148.114
2408,C03303,2,0.0
2409,C03318,1,0.0
2410,C03366,2,242.1669
2411,C03410,5,325.2693
2412,C03418,4,0.0
2413,C03440,2,131.1299
2414,C03564,0,113.1146
2415,C03636,0,0.0
2416,C03658,1,0.0
2417,C03687,0,0.0
2418,C03691,10,630.4505
2419,C03701,5,0.0
2420,C03721,1,0.0
2421,C03771,0,173.1698
2422,C03836,1,274.4409
2423,C03849,-1,0.0
2424,C03875,1,0.0
2425,C03901,0,147.1955
2426,C03957,1,0.0
2427,C03974,1,0.0
2428,C04073,10,0.0
2429,C04141,1,0.0
2430,C04149,1,0.0
2431,C04196,10,0.0
2432,C04212,4,0.0
2433,C04257,4,301.1877
2434,C04282,0,129.114
2435,C04295,7,290.4403
2436,C04373,7,290.4403
2437,C04387,5,0.0
2438,C04445,0,145.1796
2439,C04487,7,0.0
2440,C04502,5,0.0
2441,C04534,10,422.2764
2442,C04631,9,677.4005
2443,C04648,10,0.0
2444,C04654,3,352.4651
2445,C04671,3,352.4651
2446,C04707,3,350.4492
2447,C04712,2,414.3871
2448,C04726,1,0.0
2449,C04740,18,0.0
2450,C04741,4,354.481
2451,C04791,10,0.0
2452,C04800,30,0.0
2453,C04802,16,0.0
2454,C04818,10,0.0
2455,C04845,17,0.0
2456,C04880,15,0.0
2457,C04886,16,674.6030000000002
2458,C04890,15,0.0
2459,C04913,35,0.0
2460,C04922,22,0.0
2461,C04925,27,0.0
2462,C04938,25,0.0
2463,C04943,20,0.0
2464,C05138,6,332.477
2465,C05140,6,302.4079
2466,C05172,0,160.9558
2467,C05447,15,1182.1547
2468,C05448,17,1200.17
2469,C05460,16,1198.1541
2470,C05485,6,332.477
2471,C05487,7,348.4764
2472,C05488,6,346.4605
2473,C05489,8,364.4758
2474,C05503,10,448.5061
2475,C05504,11,464.5055
2476,C05552,2,372.4829
2477,C05649,0,134.1386
2478,C05650,0,136.1545
2479,C05774,9,990.0874
2480,C05811,0,655.0468
2481,C05812,0,669.0734
2482,C05849,0,466.6951
2483,C05956,5,368.4645
2484,C06127,12,0.0
2485,C06134,29,0.0
2486,C06141,34,0.0
2487,C06187,5,352.2311
2488,C06188,5,366.2577
2489,C06212,0,190.2417
2490,C06213,0,174.2423
2491,C06241,5,389.2498
2492,C06246,1,0.0
2493,C06247,1,0.0
2494,C06409,14,0.0
2495,C06410,14,0.0
2496,C06482,13,0.0
2497,C06503,8,879.0068
2498,C06504,9,936.932
2499,C06505,8,936.932
2500,C06506,12,1187.1660000000004
2501,C06508,13,1240.3214
2502,C08299,0,204.2682
2503,C11061,5,476.5592
2504,C11131,10,478.5321
2505,C11132,9,476.5162
2506,C11133,9,446.4902
2507,C11134,11,464.5485
2508,C11135,12,466.5644
2509,C11136,12,466.5644
2510,C11377,16,0.0
2511,C11477,-1,0.0
2512,C11553,15,0.0
2513,C11695,0,347.5347
2514,C14869,5,325.5277
2515,C15492,0,288.4675
2516,C15566,1,193.1562
2517,C15577,10,0.0
2518,C15578,15,0.0
2519,C15586,4,252.2267
2520,C15587,0,120.1121
2521,C15590,-1,0.0
2522,C15596,-1,0.0
2523,C15597,-1,0.0
2524,C15614,18,1216.1694
2525,C15850,8,899.0048
2526,C16577,10,475.4884
2527,C16578,10,461.4618
2528,C16620,4,393.3128
2529,C16637,4,214.1104
2530,C16638,13,0.0
2531,C16643,10,461.4618
2532,C16711,0,0.0
2533,C16741,2,162.187
2534,C17432,0,859.1453
2535,C17551,0,0.0
2536,C17552,0,0.0
2537,C18026,6,881.6335
2538,C18195,1,300.4351
2539,C18196,1,300.4351
2540,C18872,0,124.0636
2541,C19078,12,0.0
2542,C19080,16,0.0
2543,C19085,20,0.0
2544,C19605,5,385.3691
2545,C19606,5,385.3691
2546,C19645,-1,0.0
2547,C19646,-1,0.0
2548,C19670,0,281.4766
2549,C19709,1,0.0
2550,C19713,2,0.0
2551,C19843,2,289.2884
2552,C19969,3,507.181
2553,C19970,3,347.2212
2554,C20176,3,443.2005
2555,C20238,6,881.6335
2556,C20239,0,211.1781
2557,C20252,5,286.4085
2558,C20265,0,0.0
2559,C20463,3,236.2273
2560,C20485,1,162.0975
2561,C20621,10,1333.6473
2562,C20622,15,1495.7879
2563,C20675,5,0.0
2564,C20676,5,0.0
2565,C20744,8,665.441
2566,C20745,8,745.4209
2567,C20825,6,0.0
2568,C20835,5,164.1565
2569,C20836,5,164.1565
2570,C20859,6,0.0
2571,C20862,20,0.0
2572,C21423,8,665.441
2573,C21424,8,665.441
2574,C00700,4,524.1652
2575,C01225,7,334.2143
2576,C01261,8,868.3858
2577,C02266,3,148.114
2578,C02513,8,462.6188
2579,C02838,1,287.3951
2580,C03129,0,0.0
2581,C03626,1,202.2541
2582,C04221,2,112.1265
2583,C04392,8,870.3553
2584,C04834,2,266.3758
2585,C04867,2,280.4024
2586,C05945,1,254.1809
2587,C06198,8,790.3071
2588,C06205,0,162.1852
2589,C09694,1,266.3758
2590,C16504,1,252.3493
2591,C16505,1,284.3911
2592,C16506,1,270.3645
2593,C19613,2,294.4290000000001
2594,C20992,2,280.4024
2595,C00723,-1,0.0
2596,C01720,4,180.1559
2597,C02288,-1,0.0
2598,C03820,1,0.0
2599,C03827,2,162.1406
2600,C05676,1,0.0
2601,C05960,4,352.4651
2602,C06196,3,332.2066
2603,C15493,0,300.4351
2604,C16681,0,284.4357
2605,C00216,3,150.1299
2606,C00586,3,164.1565
2607,C02945,1,276.4568
2608,C04545,12,0.0
2609,C05103,6,398.6642
2610,C06369,3,244.1364
2611,C08825,9,400.6801
2612,C22121,9,424.7015
2613,C22122,7,396.6484
2614,C22123,7,410.6749
2615,C00695,11,408.5714
2616,C00716,0,105.0926
2617,C00722,0,0.0
2618,C01278,0,186.1189
2619,C01380,0,62.0678
2620,C01904,2,152.1458
2621,C02146,0,0.0
2622,C02528,10,392.57199999999995
2623,C02616,5,0.0
2624,C02623,0,0.0
2625,C03289,3,176.1241
2626,C03586,0,142.1094
2627,C03688,-1,0.0
2628,C04650,1,181.1268
2629,C05147,2,131.1299
2630,C05159,20,0.0
2631,C06393,0,104.1078
2632,C06548,0,44.0526
2633,C14772,0,338.4816
2634,C14773,0,338.4816
2635,C14774,0,338.4816
2636,C14775,0,338.4816
2637,C15588,0,62.0678
2638,C15988,2,316.476
2639,C15989,2,396.4559
2640,C16698,5,373.2504
2641,C17949,1,209.1369
2642,C17952,1,223.1635
2643,C17962,1,167.1003
2644,C19781,1,114.1457
2645,C19782,1,129.1603
2646,C19783,1,130.1451
2647,C19809,1,128.1723
2648,C20408,3,240.3434
2649,C20409,2,239.3355
2650,C20559,4,305.221
2651,C20562,4,482.3844
2652,C00209,0,90.0349
2653,C00340,-1,0.0
2654,C00435,-1,0.0
2655,C00764,3,180.1559
2656,C00795,3,180.1559
2657,C00827,5,839.5968
2658,C00854,0,100.1589
2659,C01152,1,169.1811
2660,C01387,0,114.2285
2661,C01983,1,152.1473
2662,C03018,4,0.0
2663,C03198,1,168.1467
2664,C03547,0,0.0
2665,C03561,6,853.6234
2666,C03590,0,166.1308
2667,C03956,6,0.0
2668,C05340,1,245.2789
2669,C05341,1,217.2655
2670,C05557,4,359.398
2671,C05773,9,938.9016
2672,C05786,1,586.678
2673,C06156,5,259.151
2674,C06399,8,880.9763
2675,C06468,3,180.1559
2676,C06564,4,359.398
2677,C07301,1,151.1626
2678,C11249,0,84.1595
2679,C19724,9,937.9168
2680,C19728,0,416.63800000000003
2681,C19729,0,164.2011
2682,C20753,12,0.0
2683,C20755,12,0.0
2684,C20756,1,0.0
2685,C20757,1,0.0
2686,C20758,1,0.0
2687,C20976,8,632.5661
2688,C20977,8,646.5927
2689,C00380,0,111.102
2690,C00414,0,98.14299999999999
2691,C00581,0,117.1066
2692,C00596,0,114.0993
2693,C00644,4,262.1517
2694,C00741,0,86.0892
2695,C00810,1,88.1051
2696,C01011,6,897.6329
2697,C01142,1,146.1876
2698,C01147,0,114.1424
2699,C01255,0,244.3306
2700,C01384,0,116.0722
2701,C01424,0,170.1195
2702,C01572,0,322.2238
2703,C01624,0,178.1846
2704,C01959,0,167.1869
2705,C01998,0,53.0626
2706,C02124,0,128.5563
2707,C02376,0,125.1286
2708,C02378,0,131.1729
2709,C02614,1,148.114
2710,C02625,0,163.0014
2711,C02933,0,179.0008
2712,C03044,2,90.12100000000001
2713,C03121,-1,0.0
2714,C03453,0,158.1088
2715,C03589,0,132.1146
2716,C03824,0,141.1247
2717,C03852,8,292.4562
2718,C04033,0,192.1681
2719,C04115,0,220.1336
2720,C04195,-1,0.0
2721,C04348,6,883.6063
2722,C05364,0,202.1183
2723,C05470,8,364.4758
2724,C05472,9,366.4917
2725,C05478,1,348.4764
2726,C05480,8,318.4935
2727,C05481,9,366.4917
2728,C05482,10,368.5075
2729,C05483,9,350.4923
2730,C05484,9,320.5093
2731,C06378,1,0.0
2732,C06735,0,59.0672
2733,C06761,0,128.1259
2734,C06762,0,146.1412
2735,C07479,0,172.1354
2736,C11354,0,128.1259
2737,C12314,0,130.1418
2738,C14801,0,207.1828
2739,C14842,0,191.0226
2740,C14844,0,191.0226
2741,C15658,11,341.3117
2742,C16014,2,196.2445
2743,C16015,2,214.2598
2744,C19588,4,346.2883
2745,C19607,2,290.3557
2746,C20452,0,370.3527
2747,C20453,0,356.3692
2748,C20499,1,372.3686
2749,C20500,2,388.36800000000005
2750,C20501,2,388.36800000000005
2751,C20502,1,386.3521
2752,C20574,1,368.3368
2753,C20575,2,340.2837
2754,C20988,0,0.0
2755,C21775,0,235.322
2756,C21776,0,253.3373
2757,C00192,0,33.0299
2758,C00252,9,342.2965
2759,C00497,1,134.0874
2760,C00552,2,150.0868
2761,C00898,2,150.0868
2762,C01412,0,72.1057
2763,C03459,0,148.071
2764,C03539,4,267.2994
2765,C04421,2,290.2698
2766,C11536,1,250.12099999999998
2767,C16396,0,167.1653
2768,C16399,0,153.1817
2769,C20345,0,166.1122
2770,C01883,0,0.0
2771,C02265,1,165.1891
2772,C03105,1,0.0
2773,C03135,1,0.0
2774,C04061,1,0.0
2775,C05620,1,207.2258
2776,C00113,0,330.20599999999996
2777,C00207,0,58.0791
2778,C00240,12,0.0
2779,C00282,0,2.0159
2780,C00395,3,0.0
2781,C00413,15,581.5741
2782,C00501,9,565.317
2783,C00518,10,0.0
2784,C00558,3,194.1394
2785,C00566,6,941.6424
2786,C00582,5,885.6668
2787,C00614,1,0.0
2788,C00633,0,122.1213
2789,C00688,7,546.3137
2790,C00698,0,35.453
2791,C00761,5,342.3411
2792,C00770,4,196.1553
2793,C00817,4,196.1553
2794,C00821,9,0.0
2795,C00861,3,164.1565
2796,C00876,6,773.5926
2797,C00878,3,166.1293
2798,C00905,3,194.1394
2799,C01043,0,132.1179
2800,C01050,10,679.4164
2801,C01080,6,775.6085
2802,C01170,9,607.3537
2803,C01212,11,750.4943
2804,C01219,8,547.3017
2805,C01274,11,804.6928
2806,C01281,1,0.0
2807,C01299,5,0.0
2808,C01359,0,332.2219
2809,C01414,0,272.4681
2810,C01533,5,372.3671
2811,C01768,4,0.0
2812,C01866,-1,0.0
2813,C01984,1,152.1473
2814,C02137,0,150.1314
2815,C02143,2,0.0
2816,C02199,8,550.3024
2817,C02244,-1,0.0
2818,C02341,0,174.1082
2819,C02565,0,114.1026
2820,C02780,2,192.1235
2821,C02798,0,168.042
2822,C03114,0,146.1891
2823,C03134,0,73.0938
2824,C03194,1,75.1097
2825,C03319,8,548.3296
2826,C03391,9,0.0
2827,C03431,5,385.3956
2828,C03462,19,910.78
2829,C03576,0,142.1972
2830,C03708,-1,0.0
2831,C03806,-1,0.0
2832,C03826,1,148.114
2833,C03920,0,156.2238
2834,C03951,5,448.3769
2835,C04007,5,402.3946
2836,C04015,5,351.3065
2837,C04017,5,351.3065
2838,C04053,2,176.1241
2839,C04122,1,155.0896
2840,C04142,1,0.0
2841,C04153,12,0.0
2842,C04178,0,276.9128
2843,C04261,1,0.0
2844,C04330,11,787.6854
2845,C04442,2,258.1199
2846,C04462,1,289.2387
2847,C04482,1,0.0
2848,C04573,9,621.3372
2849,C04574,0,927.2623
2850,C04608,5,432.3775
2851,C04778,4,358.2836
2852,C04794,8,379.3166
2853,C05343,1,168.1467
2854,C05392,7,0.0
2855,C05551,3,334.3901
2856,C05775,4,278.3037
2857,C05807,0,0.0
2858,C05810,0,639.0474
2859,C05855,5,312.3151
2860,C05974,2,0.0
2861,C06020,0,0.0
2862,C06021,0,0.0
2863,C06161,1,285.3377
2864,C06240,9,621.3372
2865,C06251,24,2028.3628
2866,C06313,0,237.2153
2867,C06323,0,129.1586
2868,C06324,0,145.158
2869,C06361,10,0.0
2870,C06397,10,619.3677
2871,C06473,3,194.1394
2872,C06507,12,1183.2269999999999
2873,C06509,13,1320.3013
2874,C06567,3,0.0
2875,C06697,0,122.9198
2876,C07271,1,152.2334
2877,C07276,3,170.2487
2878,C07292,-1,0.0
2879,C07293,-1,0.0
2880,C07836,6,290.1618
2881,C07838,6,290.1618
2882,C08584,3,584.8708
2883,C08585,4,600.8702
2884,C08616,8,426.7174
2885,C08639,10,611.5254
2886,C08725,10,595.526
2887,C09099,6,434.3934
2888,C09306,0,64.0638
2889,C09665,0,204.3511
2890,C09789,11,580.5346
2891,C09806,11,610.5606
2892,C11215,0,138.9192
2893,C11393,1,154.2493
2894,C11472,6,370.1417
2895,C11514,0,188.1348
2896,C12095,5,595.5276
2897,C12096,10,757.6682
2898,C12627,10,578.5187
2899,C12630,10,594.5181
2900,C12643,5,535.431
2901,C15579,10,548.5358
2902,C15673,3,194.1394
2903,C15970,6,426.4575
2904,C16142,1,204.3511
2905,C16143,2,222.3663
2906,C16246,0,294.9281
2907,C16286,3,182.3025
2908,C16312,10,627.5248
2909,C16373,10,711.5551
2910,C16422,6,464.4194
2911,C16581,2,0.0
2912,C16672,3,352.4054
2913,C18028,4,162.1406
2914,C19081,1,152.2334
2915,C19082,3,170.2487
2916,C19687,1,238.6702
2917,C19722,12,0.0
2918,C19723,13,0.0
2919,C19762,10,625.509
2920,C19787,4,298.3183
2921,C19833,8,426.7174
2922,C19855,15,1413.6841
2923,C19856,10,1251.5435
2924,C20357,9,632.4062
2925,C20395,8,619.3213
2926,C20424,5,246.2603
2927,C20467,9,0.0
2928,C20489,9,565.5001
2929,C20490,9,581.4995
2930,C20491,9,597.4989
2931,C20635,0,189.2105
2932,C20681,0,290.4834
2933,C21153,17,1659.5617
2934,C00193,0,106.1219
2935,C00556,0,108.1378
2936,C02709,0,151.1626
2937,C02720,0,109.1259
2938,C03485,0,108.1378
2939,C05853,0,122.1644
2940,C06044,0,138.1638
2941,C06757,0,122.1644
2942,C06758,0,120.1485
2943,C07209,0,120.1485
2944,C07213,0,122.1644
2945,C07214,0,120.1485
2946,C07216,0,122.1644
2947,C16684,-1,0.0
2948,C16685,-1,0.0
2949,C18323,5,879.6176
2950,C00919,0,183.226
2951,C00961,2,324.2843
2952,C01355,-1,0.0
2953,C01812,0,59.044
2954,C02004,3,204.3511
2955,C03683,2,310.2577
2956,C05556,2,363.4298
2957,C05829,1,190.15400000000002
2958,C06108,0,78.0424
2959,C07294,0,139.9702
2960,C07295,0,123.9708
2961,C07308,0,137.9974
2962,C11529,1,0.0
2963,C14831,1,312.4443
2964,C20045,5,511.5668
2965,C20186,2,312.4443
2966,C20436,4,298.3795
2967,C20437,4,256.3428
2968,C20444,2,312.2736
2969,C20445,2,326.3002
2970,C20630,4,479.56800000000004
2971,C03531,1,0.0
2972,C03686,2,338.3109
2973,C03944,2,340.3267
2974,C01925,15,527.5201
2975,C19850,15,607.5
2976,C01151,4,310.0897
2977,C01495,0,238.2381
2978,C01852,8,388.3665
2979,C02085,5,0.0
2980,C02937,0,174.1992
2981,C03470,9,530.5669
2982,C03946,5,400.3787
2983,C05623,5,464.3763
2984,C05837,5,448.468
2985,C08615,10,426.7174
2986,C08628,10,426.7174
2987,C09629,2,204.3511
2988,C09684,0,204.3511
2989,C11632,3,350.411
2990,C11633,4,292.3749
2991,C12249,5,448.3769
2992,C16814,0,204.3511
2993,C17759,5,356.3246
2994,C18021,3,592.6841
2995,C18063,3,578.6576
2996,C18064,2,534.6481
2997,C19740,3,204.3511
2998,C19757,0,142.1956
2999,C19828,7,444.7327
3000,C19832,5,426.7174
3001,C19835,2,426.7174
3002,C19908,1,204.3511
3003,C20195,8,426.7174
3004,C20200,7,426.7174
3005,C20440,4,292.0744
3006,C20632,7,330.418
3007,C20633,8,346.4174
3008,C20724,3,204.3511
3009,C00806,0,204.2252
3010,C02657,0,152.1473
3011,C04290,1,272.3422
3012,C04346,8,547.3448
3013,C06067,0,272.3422
3014,C06309,9,428.7333
3015,C06310,9,410.718
3016,C09704,1,222.3663
3017,C19852,0,927.2623
3018,C02130,9,384.3332
3019,C03964,1,182.1733
3020,C04045,0,196.1568
3021,C05607,1,166.1739
3022,C22038,1,198.1727
3023,C00292,0,93.1265
3024,C00514,4,196.1553
3025,C00744,21,902.0735
3026,C00778,0,0.0
3027,C00993,2,160.1711
3028,C01044,1,161.1128
3029,C01457,21,916.1001
3030,C01586,0,179.1727
3031,C01614,0,0.0
3032,C02000,0,0.0
3033,C02331,5,835.6081
3034,C02338,5,164.1565
3035,C02456,-1,0.0
3036,C02476,5,164.1565
3037,C02715,1,0.0
3038,C03065,0,131.1332
3039,C03167,0,124.0325
3040,C03733,9,566.3018
3041,C04555,6,368.4876
3042,C06011,0,172.1817
3043,C11062,5,853.6234
3044,C15667,4,339.1959
3045,C15809,0,73.0507
3046,C15987,0,117.1463
3047,C16850,3,191.1818
3048,C18043,8,466.7167
3049,C18044,7,396.5408
3050,C19684,5,887.6396
3051,C19830,2,155.1513
3052,C19831,2,155.1513
3053,C19975,5,901.6662
3054,C20062,5,901.6662
3055,C20267,0,138.1704
3056,C20735,1,0.0
3057,C01099,3,244.1364
3058,C01826,1,117.1463
3059,C02220,0,157.1241
3060,C05682,0,140.0319
3061,C06326,2,189.209
3062,C18229,3,272.4681
3063,C01334,0,0.0
3064,C07354,2,312.4443
3065,C09131,2,256.3428
3066,C11516,5,348.1978
3067,C20379,2,254.3269
3068,C20888,9,358.2959
3069,C02887,1,340.2821
3070,C04498,0,276.3342
3071,C06074,0,136.234
3072,C09844,0,154.2493
3073,C18325,0,306.3602
3074,C19863,10,444.7327
3075,C20191,8,426.7174
3076,C20192,3,426.7174
3077,C20193,6,426.7174
3078,C00396,0,80.08800000000002
3079,C01026,0,103.1198
3080,C01201,9,715.5014
3081,C01921,11,465.6227
3082,C02735,0,137.179
3083,C03169,4,213.2105
3084,C03711,0,151.2056
3085,C04010,5,0.0
3086,C04755,10,0.0
3087,C04759,12,0.0
3088,C05122,10,515.703
3089,C05465,10,499.7036
3090,C05466,10,449.6233
3091,C00474,3,152.1458
3092,C00635,10,0.0
3093,C00739,1,146.1876
3094,C01058,-1,0.0
3095,C01985,-1,0.0
3096,C02140,7,346.4605
3097,C03239,0,145.1564
3098,C03594,9,402.6529
3099,C04864,7,459.3798
3100,C04865,7,459.3798
3101,C04906,15,0.0
3102,C04927,34,0.0
3103,C04934,20,0.0
3104,C05285,5,300.3921
3105,C05455,8,400.6371
3106,C05476,9,350.4923
3107,C05490,0,344.4446
3108,C06128,13,0.0
3109,C06139,46,0.0
3110,C06140,40,0.0
3111,C06341,9,418.6523
3112,C11547,10,0.0
3113,C11548,10,0.0
3114,C15518,10,418.6523
3115,C15520,9,418.6523
3116,C17331,8,416.6365
3117,C17332,8,416.6365
3118,C17335,9,432.6359
3119,C17336,8,416.6365
3120,C17337,8,430.62
3121,C19769,6,275.2552
3122,C19770,6,373.2504
3123,C20734,17,0.0
3124,C21366,17,0.0
3125,C02348,1,158.1154
3126,C03037,0,166.217
3127,C03448,0,168.2328
3128,C04044,0,182.1733
3129,C11457,0,166.1739
3130,C12621,0,164.158
3131,C12623,0,180.1574
3132,C19767,1,272.3422
3133,C20503,2,384.3362
3134,C20504,1,386.3521
3135,C20564,5,579.6838
3136,C21897,2,256.3428
3137,C00377,-1,0.0
3138,C00548,0,136.1479
3139,C00625,4,0.0
3140,C00847,0,183.1614
3141,C00978,0,218.2518
3142,C01007,3,378.3798
3143,C01231,5,340.1157
3144,C01311,15,0.0
3145,C01312,5,352.4651
3146,C01382,0,253.8089
3147,C01392,3,0.0
3148,C01490,10,0.0
3149,C01693,1,193.1562
3150,C01829,1,776.87
3151,C02055,0,0.0
3152,C02110,0,284.4357
3153,C02373,0,100.1589
3154,C02465,1,650.9735
3155,C02534,0,0.0
3156,C03000,4,0.0
3157,C03254,0,0.0
3158,C03336,-1,0.0
3159,C03706,5,0.0
3160,C03889,1,0.0
3161,C04185,0,193.1562
3162,C04476,1,0.0
3163,C04680,0,0.0
3164,C04683,11,0.0
3165,C04750,10,0.0
3166,C04789,10,0.0
3167,C04866,15,0.0
3168,C04885,16,0.0
3169,C04887,17,0.0
3170,C04901,16,0.0
3171,C04907,15,0.0
3172,C04926,20,0.0
3173,C04936,28,0.0
3174,C05234,2,0.0
3175,C05290,5,302.4079
3176,C05294,6,304.4238
3177,C05295,6,302.4079
3178,C05297,5,300.3921
3179,C05497,7,346.4605
3180,C05498,7,330.4611
3181,C05499,8,418.6523
3182,C05500,8,402.6529
3183,C05501,9,418.6523
3184,C05502,9,402.6529
3185,C05585,0,138.1207
3186,C05590,0,127.9124
3187,C05598,0,193.1992
3188,C05660,0,205.2099
3189,C05842,0,152.1506
3190,C05843,0,152.1506
3191,C05965,1,336.4657
3192,C06133,24,0.0
3193,C06138,40,0.0
3194,C06483,15,0.0
3195,C06607,0,170.1671
3196,C06608,0,154.1015
3197,C07565,0,135.1632
3198,C13636,0,152.1473
3199,C15519,8,402.6529
3200,C15534,0,0.0
3201,C15535,0,0.0
3202,C15558,10,0.0
3203,C15583,0,136.1479
3204,C15646,1,0.0
3205,C16365,0,226.1894
3206,C16420,0,209.2019
3207,C16610,0,311.3071
3208,C16622,0,116.1185
3209,C16682,0,286.4516
3210,C16729,1,0.0
3211,C16730,1,0.0
3212,C16731,1,0.0
3213,C16732,1,0.0
3214,C16733,1,0.0
3215,C16734,0,0.0
3216,C17276,0,286.4516
3217,C17339,9,416.6365
3218,C20380,0,320.3371
3219,C20383,5,496.4612
3220,C20640,8,674.4113
3221,C20775,1,321.2375
3222,C20832,-1,0.0
3223,C20833,-1,0.0
3224,C20837,-1,0.0
3225,C20907,10,0.0
3226,C20908,10,0.0
3227,C20909,10,0.0
3228,C00682,0,142.1094
3229,C02501,0,158.1088
3230,C02954,3,216.2575
3231,C06760,0,156.136
3232,C07478,0,172.1354
3233,C19697,0,52.4603
3234,C00692,12,879.6082
3235,C00982,0,407.4638
3236,C01872,0,0.0
3237,C03717,0,395.4531
3238,C04902,15,0.0
3239,C06597,2,217.908
3240,C06598,0,199.4623
3241,C06599,0,181.0166
3242,C06609,0,110.9699
3243,C06610,0,110.9699
3244,C06752,0,98.9592
3245,C06753,0,80.5135
3246,C06988,6,290.8298
3247,C13050,8,541.3005
3248,C13051,8,745.3977
3249,C16181,6,272.3842
3250,C16182,6,253.9385
3251,C20742,8,621.2804
3252,C00246,0,88.1051
3253,C01124,7,362.4599
3254,C01735,4,283.3218
3255,C01780,7,360.444
3256,C02506,-1,0.0
3257,C02592,9,483.7042
3258,C03072,1,276.4568
3259,C03091,8,386.6535
3260,C03642,9,563.7674
3261,C03772,6,288.4244
3262,C04042,7,316.4776
3263,C04518,7,332.477
3264,C04644,0,1184.1706
3265,C04722,7,450.6511
3266,C04760,0,1200.17
3267,C04847,15,545.489
3268,C04855,15,0.0
3269,C04891,15,0.0
3270,C04939,25,0.0
3271,C05293,7,290.4403
3272,C05451,9,402.6529
3273,C05453,10,418.6523
3274,C05469,7,362.4599
3275,C05471,8,364.4758
3276,C05473,8,362.4599
3277,C05475,8,348.4764
3278,C05479,7,316.4776
3279,C05959,5,354.481
3280,C06485,3,162.1406
3281,C07326,4,164.1565
3282,C07639,1,650.9735
3283,C11301,9,512.6792
3284,C13712,8,318.4935
3285,C13713,8,334.4929
3286,C15497,4,256.2551
3287,C15557,9,433.6239
3288,C18041,8,318.4935
3289,C18042,9,320.5093
3290,C19561,0,272.3404
3291,C19562,0,352.4036
3292,C20935,12,0.0
3293,C20936,12,1165.5929
3294,C21742,20,0.0
3295,C21743,25,0.0
3296,C21925,0,0.0
3297,C21926,5,0.0
3298,C00545,3,166.1293
3299,C01114,3,148.114
3300,C20994,2,333.3839
3301,C01012,1,130.1418
3302,C01125,0,128.1259
3303,C01732,0,130.0987
3304,C03618,2,147.1293
3305,C19820,4,426.7174
3306,C20410,1,286.3688
3307,C20438,4,366.4965
3308,C20512,2,351.4421
3309,C20563,2,283.3251
3310,C20605,4,411.45099999999996
3311,C03283,1,118.1344
3312,C04255,5,301.27099999999996
3313,C06442,1,160.1711
3314,C01596,0,115.0874
3315,C19773,10,342.2965
3316,C19774,14,554.391
3317,C05235,0,74.0785
3318,C06153,6,180.1559
3319,C15668,0,69.1051
3320,C00918,2,323.1294
3321,C03601,2,365.1661
3322,C00593,0,124.1158
3323,C00934,-1,0.0
3324,C03117,9,589.3417
3325,C04152,12,0.0
3326,C11481,0,81.0711
3327,C19879,6,370.1417
3328,C19880,6,290.1618
3329,C01769,1,88.1051
3330,C03046,2,90.12100000000001
3331,C01486,0,68.4597
3332,C10700,0,136.1479
3333,C04720,0,211.1715
3334,C04831,6,373.3121
3335,C11902,3,450.4432
3336,C15770,0,181.1455
3337,C15772,6,343.2861
3338,C17743,0,308.3279
3339,C18062,6,359.2855
3340,C18223,5,272.4681
3341,C02106,1,327.3743
3342,C03582,0,228.2433
3343,C04118,1,341.4009
3344,C06563,0,270.2369
3345,C10107,0,318.2351
3346,C10208,0,254.2375
3347,C10287,0,256.2964
3348,C10521,0,284.2635
3349,C11620,0,346.2883
3350,C12125,0,268.2641
3351,C12633,0,332.2617
3352,C15615,0,238.2381
3353,C15616,0,252.2647
3354,C17277,3,204.3511
3355,C20154,0,242.2699
3356,C20159,3,204.3511
3357,C04479,0,214.1721
3358,C12456,0,248.2744
3359,C12624,0,212.1562
3360,C04656,10,0.0
3361,C04850,15,0.0
3362,C00313,5,839.5537
3363,C00798,5,795.5442
3364,C05912,2,586.678
3365,C11630,1,584.6621
3366,C06400,15,0.0
3367,C00791,0,113.1179
3368,C02636,0,160.191
3369,C03110,9,0.0
3370,C04022,0,134.1967
3371,C04125,1,0.0
3372,C04564,1,0.0
3373,C04628,2,343.3336
3374,C04832,2,483.515
3375,C11499,1,170.1411
3376,C11638,0,169.0731
3377,C11903,0,538.8057
3378,C11904,0,540.8216
3379,C15489,5,924.7028
3380,C18911,1,228.137
3381,C19685,5,889.6339999999999
3382,C19871,7,866.4801
3383,C20638,9,588.357
3384,C20748,5,893.7104
3385,C20750,6,911.7257
3386,C21026,0,172.1851
3387,C01253,9,0.0
3388,C03315,1,0.0
3389,C15996,0,175.1475
3390,C20248,0,194.1475
3391,C16305,10,595.526
3392,C16306,10,611.5254
3393,C16307,10,627.5248
3394,C20420,0,847.2824
3395,C20421,5,1155.5073
3396,C20471,10,0.0
3397,C20772,0,208.1675
3398,C20773,4,413.3841
3399,C01367,4,347.2212
3400,C01368,4,324.1813
3401,C02353,4,329.2059
3402,C02354,4,305.1812
3403,C02355,4,306.166
3404,C02508,4,0.0
3405,C03419,4,0.0
3406,C04877,14,1051.79
3407,C05772,4,878.8743
3408,C05822,4,323.1965
3409,C05892,13,1007.7805
3410,C06019,3,260.1358
3411,C06193,4,363.2206
3412,C06194,4,345.2053
3413,C11538,4,919.7492
3414,C11544,6,268.2179
3415,C11879,3,272.4681
3416,C11881,2,272.4681
3417,C11901,3,450.4432
3418,C17401,4,933.7757
3419,C20231,0,146.1014
3420,C20232,0,160.128
3421,C20249,0,103.0767
3422,C20250,0,117.1033
3423,C20253,0,87.0773
3424,C20254,0,130.102
3425,C06311,4,262.1517
3426,C05226,1,0.0
3427,C00980,0,0.0
3428,C01166,-1,0.0
3429,C12475,4,555.573
3430,C12476,4,569.5996
3431,C00814,0,284.2635
3432,C00858,0,268.2641
3433,C03005,0,151.1626
3434,C06099,1,136.234
3435,C15567,0,272.2528
3436,C16190,0,286.2794
3437,C19710,1,0.0
3438,C00786,1,286.2794
3439,C00799,0,222.2387
3440,C02621,5,264.3633
3441,C04074,5,400.3787
3442,C04170,5,346.4638
3443,C04858,8,564.4921
3444,C05376,5,446.4041
3445,C05622,8,650.5383
3446,C08983,25,943.1221
3447,C09126,5,432.3775
3448,C10020,5,518.4237
3449,C10216,5,416.3781
3450,C10502,2,284.2635
3451,C10503,2,270.28
3452,C10509,5,430.4047
3453,C10538,7,446.4041
3454,C12625,5,532.4503
3455,C12631,0,288.2522
3456,C14536,0,284.2635
3457,C16187,2,288.2952
3458,C16191,5,502.4243
3459,C16192,5,518.4237
3460,C16195,5,446.4041
3461,C16197,5,532.4503
3462,C16222,5,516.4509
3463,C16223,7,432.4206
3464,C16224,7,518.4667
3465,C16231,7,532.4503
3466,C19763,15,634.8403
3467,C19865,20,796.9809
3468,C21738,1,242.2699
3469,C21739,1,240.25400000000002
3470,C00846,0,160.1247
3471,C04483,10,392.57199999999995
3472,C05463,9,499.7036
3473,C05464,10,449.6233
3474,C05730,2,434.5541
3475,C06231,1,142.1558
3476,C06176,4,335.3948
3477,C15612,4,351.3942
3478,C06554,0,129.0742
3479,C22084,0,147.0895
3480,C11826,32,0.0
3481,C11827,34,0.0
3482,C00602,5,0.0
3483,C00663,5,260.1358
3484,C00906,0,128.1292
3485,C01289,5,1130.4548
3486,C02084,0,226.2723
3487,C02768,0,0.0
3488,C03187,8,548.3296
3489,C03773,5,0.0
3490,C03802,4,0.0
3491,C04136,4,0.0
3492,C04216,0,654.7942
3493,C04390,2,232.2337
3494,C04881,10,1333.6473
3495,C06210,0,156.136
3496,C06336,0,190.1738
3497,C06364,6,0.0
3498,C06510,17,1665.5066
3499,C07085,0,136.1479
3500,C07087,0,168.1467
3501,C07089,0,176.5545
3502,C08353,4,150.1299
3503,C11838,1,132.1146
3504,C12147,2,199.0991
3505,C15494,0,322.4391
3506,C15495,0,324.455
3507,C16639,4,150.1299
3508,C19725,9,662.3891
3509,C19745,9,662.3891
3510,C20276,1,476.8191
3511,C20475,9,494.8344
3512,C20565,8,658.4119
3513,C20666,0,598.6457
3514,C20667,0,598.6457
3515,C21101,1,0.0
3516,C02727,1,188.2242
3517,C01020,0,139.1088
3518,C17209,4,162.1406
3519,C01372,0,0.0
3520,C01438,0,16.0425
3521,C18246,0,133.4042
3522,C01795,0,338.3771
3523,C02105,1,329.3902
3524,C02915,1,354.4196
3525,C02916,1,287.3105
3526,C03329,1,339.385
3527,C05175,1,323.3426
3528,C05178,1,329.3902
3529,C05201,0,223.3129
3530,C05203,0,301.3371
3531,C05204,1,235.3236
3532,C05314,0,237.3395
3533,C05315,0,352.4037
3534,C05318,2,250.3581
3535,C06160,1,271.3111
3536,C06163,2,338.3771
3537,C06346,0,271.3111
3538,C06348,0,285.3377
3539,C06350,0,287.3105
3540,C06394,2,204.3511
3541,C06516,1,315.3636
3542,C06517,1,301.3371
3543,C06520,1,315.3636
3544,C10682,2,358.3851
3545,C18167,2,362.4168
3546,C20469,10,611.5254
3547,C20470,5,330.2873
3548,C20495,10,595.526
3549,C20496,10,627.5248
3550,C11890,6,290.4834
3551,C03240,10,386.5228
3552,C11878,3,272.4681
3553,C11880,3,272.4681
3554,C18211,4,272.4681
3555,C20158,3,290.4834
3556,C20478,2,204.3511
3557,C20711,2,272.4681
3558,C01286,2,258.1199
3559,C04590,1,444.5418
3560,C04638,1,717.0099
3561,C16163,5,1025.9326
3562,C16164,5,1053.9857
3563,C16167,5,1108.0762
3564,C16171,5,1110.0919999999999
3565,C16179,5,1056.0016
3566,C16180,5,1058.0175
3567,C16530,5,1060.0334
3568,C21935,5,1029.9643
3569,C21937,5,1058.0175
3570,C21943,5,1003.927
3571,C00371,0,219.2431
3572,C03300,4,351.3577
3573,C03423,5,381.3837
3574,C02707,2,0.0
3575,C03874,2,0.0
3576,C04342,48,0.0
3577,C04848,49,0.0
3578,C16070,11,403.2763
3579,C16562,2,491.6484
3580,C16563,4,780.9566
3581,C16564,4,778.9408
3582,C16566,2,448.5806
3583,C16567,4,737.8888
3584,C16568,4,735.873
3585,C16667,1,512.8051
3586,C00793,1,121.1582
3587,C01068,3,232.1257
3588,C04287,3,160.1247
3589,C06892,2,178.14
3590,C06893,2,258.1199
3591,C16737,3,178.14
3592,C18015,6,314.4186
3593,C18016,7,316.4345
3594,C18228,4,272.4681
3595,C19918,8,426.7174
3596,C20396,0,96.0224
3597,C20422,4,468.0767
3598,C01123,2,152.2334
3599,C02066,0,141.2108
3600,C02485,1,150.2176
3601,C02569,0,314.2091
3602,C08606,5,600.8702
3603,C09672,0,204.3511
3604,C12142,3,204.3511
3605,C16320,0,292.4131
3606,C19708,3,204.3511
3607,C19747,0,204.3511
3608,C19827,0,294.4290000000001
3609,C20162,4,204.3511
3610,C20371,1,197.231
3611,C00587,0,138.1207
3612,C03233,0,198.1296
3613,C06680,0,182.1302
3614,C02940,1,274.4409
3615,C04339,10,0.0
3616,C05458,10,418.6523
3617,C01771,0,86.0892
3618,C01822,15,484.4986
3619,C03281,15,564.4785
3620,C05629,0,150.1745
3621,C07113,0,120.1485
3622,C11348,1,122.1644
3623,C17558,0,767.3025
3624,C20236,9,342.2965
3625,C01291,5,961.7612
3626,C01920,5,917.7517
3627,C00400,3,156.2652
3628,C00521,1,136.234
3629,C01761,6,350.411
3630,C02074,11,512.5516
3631,C06362,-1,0.0
3632,C06363,-1,0.0
3633,C09893,1,152.2334
3634,C10453,0,164.2011
3635,C11807,5,334.4116
3636,C11951,2,152.2334
3637,C11952,2,154.2493
3638,C12640,10,757.6682
3639,C12641,10,843.7144
3640,C12647,10,929.7605
3641,C16299,10,843.7144
3642,C16313,10,789.6669999999997
3643,C16349,10,741.6688
3644,C16350,10,757.6682
3645,C16351,10,773.6676
3646,C16371,10,757.6682
3647,C16372,10,773.6676
3648,C16930,0,134.1751
3649,C19735,3,204.3511
3650,C19736,3,204.3511
3651,C19737,3,204.3511
3652,C19753,3,204.3511
3653,C19754,3,204.3511
3654,C19760,0,382.3261
3655,C19818,0,136.234
3656,C19829,9,444.7327
3657,C19931,7,352.4269
3658,C19932,7,350.411
3659,C20224,0,0.0
3660,C20225,0,222.2372
3661,C20465,0,192.2112
3662,C03393,2,216.0832
3663,C11877,4,272.4681
3664,C19702,11,341.3117
3665,C19755,4,222.3663
3666,C20185,3,272.4681
3667,C20732,12,0.0
3668,C03514,9,470.5116
3669,C06740,14,650.6675
3670,C12092,5,900.6814
3671,C12093,0,241.24200000000002
3672,C16718,9,488.5269
3673,C00479,0,58.0791
3674,C02247,5,886.6548
3675,C02403,0,0.0
3676,C02658,0,0.0
3677,C04297,7,531.3023
3678,C05250,1,0.0
3679,C05326,5,0.0
3680,C05931,1,247.202
3681,C05932,1,231.2026
3682,C11143,0,78.1334
3683,C15699,1,217.2655
3684,C16272,0,146.1412
3685,C16273,5,895.66
3686,C20240,0,128.1259
3687,C20359,9,620.3525
3688,C19823,8,589.3384
3689,C20768,9,591.3543
3690,C18232,0,143.0975
3691,C19675,1,156.1576
3692,C20719,9,1143.9294
3693,C20720,14,1306.07
3694,C02941,0,272.425
3695,C20144,5,284.3927
3696,C06398,10,619.3677
3697,C00653,3,0.0
3698,C04260,4,0.0
3699,C06366,0,159.2724
3700,C02899,1,338.4003
3701,C03032,3,336.3844
3702,C01454,0,136.1479
3703,C03067,0,122.1213
3704,C07211,0,136.1479
3705,C07215,0,136.1479
3706,C00797,0,45.0837
3707,C02429,3,0.0
3708,C03063,0,172.1354
3709,C03671,0,184.1031
3710,C04052,0,216.1449
3711,C04186,0,216.1449
3712,C04324,0,202.1183
3713,C04434,0,202.1183
3714,C04484,0,186.1189
3715,C04642,0,200.1455
3716,C04643,10,406.5555
3717,C05600,0,172.1354
3718,C05616,0,184.1461
3719,C07305,-1,0.0
3720,C07335,1,213.0826
3721,C18345,0,216.1449
3722,C21386,4,0.0
3723,C21387,4,0.0
3724,C21388,3,0.0
4647,C03296,1,274.2737
5677,C19567,0,163.1733
5678,C19569,0,179.1727
5710,C19972,5,246.2603
5711,C20082,6,334.3224
